ECO_ID,ECO_NAME,BIOME_NUM,BIOME_NAME,REALM,ECO_BIOME_,NNH,NNH_NAME
117,Adelie Land tundra,11,Tundra,Antarctica,AN11,1,Half Protected
135,Admiralty Islands lowland rain forests,1,Tropical & Subtropical Moist Broadleaf Forests,Australasia,AU01,2,Nature Could Reach Half Protected
785,Aegean and Western Turkey sclerophyllous and mixed forests,12,"Mediterranean Forests, Woodlands & Scrub",Palearctic,PA12,4,Nature Imperiled
807,Afghan Mountains semi-desert,13,Deserts & Xeric Shrublands,Palearctic,PA13,4,Nature Imperiled
404,Ahklun and Kilbuck Upland Tundra,11,Tundra,Nearctic,NE11,1,Half Protected
722,Al-Hajar foothill xeric woodlands and shrublands,8,"Temperate Grasslands, Savannas & Shrublands",Palearctic,PA08,3,Nature Could Recover
723,Al-Hajar montane woodlands and shrublands,8,"Temperate Grasslands, Savannas & Shrublands",Palearctic,PA08,3,Nature Could Recover
721,Alai-Western Tian Shan steppe,8,"Temperate Grasslands, Savannas & Shrublands",Palearctic,PA08,4,Nature Imperiled
808,Alashan Plateau semi-desert,13,Deserts & Xeric Shrublands,Palearctic,PA13,2,Nature Could Reach Half Protected
405,Alaska-St. Elias Range tundra,11,Tundra,Nearctic,NE11,2,Nature Could Reach Half Protected
369,Alaska Peninsula montane taiga,6,Boreal Forests/Taiga,Nearctic,NE06,1,Half Protected
88,Albany thickets,12,"Mediterranean Forests, Woodlands & Scrub",Afrotropic,AF12,3,Nature Could Recover
345,Alberta-British Columbia foothills forests,5,Temperate Conifer Forests,Nearctic,NE05,2,Nature Could Reach Half Protected
1,Albertine Rift montane forests,1,Tropical & Subtropical Moist Broadleaf Forests,Afrotropic,AF01,4,Nature Imperiled
91,Aldabra Island xeric scrub,13,Deserts & Xeric Shrublands,Afrotropic,AF13,1,Half Protected
406,Aleutian Islands tundra,11,Tundra,Nearctic,NE11,1,Half Protected
328,Allegheny Highlands forests,4,Temperate Broadleaf & Mixed Forests,Nearctic,NE04,2,Nature Could Reach Half Protected
689,Alps conifer and mixed forests,5,Temperate Conifer Forests,Palearctic,PA05,2,Nature Could Reach Half Protected
749,Altai alpine meadow and tundra,10,Montane Grasslands & Shrublands,Palearctic,PA10,2,Nature Could Reach Half Protected
690,Altai montane forest and forest steppe,5,Temperate Conifer Forests,Palearctic,PA05,3,Nature Could Recover
724,Altai steppe and semi-desert,8,"Temperate Grasslands, Savannas & Shrublands",Palearctic,PA08,3,Nature Could Recover
439,Alto Paraná Atlantic forests,1,Tropical & Subtropical Moist Broadleaf Forests,Neotropic,NO01,4,Nature Imperiled
611,Amazon-Orinoco-Southern Caribbean mangroves,14,Mangroves,Neotropic,NO14,1,Half Protected
67,Amsterdam-Saint Paul Islands temperate grasslands,8,"Temperate Grasslands, Savannas & Shrublands",Afrotropic,AF08,4,Nature Imperiled
741,Amur meadow steppe,9,Flooded Grasslands & Savannas,Palearctic,PA09,3,Nature Could Recover
786,Anatolian conifer and deciduous mixed forests,12,"Mediterranean Forests, Woodlands & Scrub",Palearctic,PA12,4,Nature Imperiled
218,Andaman Islands rain forests,1,Tropical & Subtropical Moist Broadleaf Forests,Indomalayan,IN01,2,Nature Could Reach Half Protected
77,Angolan montane forest-grassland,10,Montane Grasslands & Shrublands,Afrotropic,AF10,4,Nature Imperiled
34,Angolan mopane woodlands,7,"Tropical & Subtropical Grasslands, Savannas & Shrublands",Afrotropic,AF07,2,Nature Could Reach Half Protected
35,Angolan scarp savanna and woodlands,7,"Tropical & Subtropical Grasslands, Savannas & Shrublands",Afrotropic,AF07,4,Nature Imperiled
36,Angolan wet miombo woodlands,7,"Tropical & Subtropical Grasslands, Savannas & Shrublands",Afrotropic,AF07,4,Nature Imperiled
196,Antipodes Subantarctic Islands tundra,11,Tundra,Australasia,AU11,4,Nature Imperiled
331,Appalachian-Blue Ridge forests,4,Temperate Broadleaf & Mixed Forests,Nearctic,NE04,2,Nature Could Reach Half Protected
329,Appalachian mixed mesophytic forests,4,Temperate Broadleaf & Mixed Forests,Nearctic,NE04,2,Nature Could Reach Half Protected
330,Appalachian Piedmont forests,4,Temperate Broadleaf & Mixed Forests,Nearctic,NE04,3,Nature Could Recover
644,Appenine deciduous montane forests,4,Temperate Broadleaf & Mixed Forests,Palearctic,PA04,2,Nature Could Reach Half Protected
520,Apure-Villavicencio dry forests,2,Tropical & Subtropical Dry Broadleaf Forests,Neotropic,NO02,3,Nature Could Recover
810,Arabian sand desert,13,Deserts & Xeric Shrublands,Palearctic,PA13,2,Nature Could Reach Half Protected
440,Araucaria moist forests,1,Tropical & Subtropical Moist Broadleaf Forests,Neotropic,NO01,3,Nature Could Recover
597,Araya and Paria xeric scrub,13,Deserts & Xeric Shrublands,Neotropic,NO13,4,Nature Imperiled
407,Arctic coastal tundra,11,Tundra,Nearctic,NE11,2,Nature Could Reach Half Protected
778,Russian Arctic desert,11,Tundra,Palearctic,PA11,2,Nature Could Reach Half Protected
408,Arctic foothills tundra,11,Tundra,Nearctic,NE11,2,Nature Could Reach Half Protected
346,Arizona Mountains forests,5,Temperate Conifer Forests,Nearctic,NE05,4,Nature Imperiled
181,Arnhem Land tropical savanna,7,"Tropical & Subtropical Grasslands, Savannas & Shrublands",Australasia,AU07,2,Nature Could Reach Half Protected
37,Ascension scrub and grasslands,7,"Tropical & Subtropical Grasslands, Savannas & Shrublands",Afrotropic,AF07,4,Nature Imperiled
598,Atacama desert,13,Deserts & Xeric Shrublands,Neotropic,NO13,2,Nature Could Reach Half Protected
441,Atlantic Coast restingas,1,Tropical & Subtropical Moist Broadleaf Forests,Neotropic,NO01,3,Nature Could Recover
839,Saharan Atlantic coastal desert,13,Deserts & Xeric Shrublands,Palearctic,PA13,2,Nature Could Reach Half Protected
347,Atlantic coastal pine barrens,5,Temperate Conifer Forests,Nearctic,NE05,3,Nature Could Recover
5,Congolian coastal forests,1,Tropical & Subtropical Moist Broadleaf Forests,Afrotropic,AF01,2,Nature Could Reach Half Protected
664,European Atlantic mixed forests,4,Temperate Broadleaf & Mixed Forests,Palearctic,PA04,3,Nature Could Recover
193,Australian Alps montane grasslands,10,Montane Grasslands & Shrublands,Australasia,AU10,1,Half Protected
812,Azerbaijan shrub desert and steppe,13,Deserts & Xeric Shrublands,Palearctic,PA13,4,Nature Imperiled
645,Azores temperate mixed forests,4,Temperate Broadleaf & Mixed Forests,Palearctic,PA04,4,Nature Imperiled
813,Badghyz and Karabil semi-desert,13,Deserts & Xeric Shrublands,Palearctic,PA13,4,Nature Imperiled
612,Bahamian-Antillean mangroves,14,Mangroves,Neotropic,NO14,2,Nature Could Reach Half Protected
442,Bahia coastal forests,1,Tropical & Subtropical Moist Broadleaf Forests,Neotropic,NO01,3,Nature Could Recover
443,Bahia interior forests,1,Tropical & Subtropical Moist Broadleaf Forests,Neotropic,NO01,3,Nature Could Recover
426,Baja California desert,13,Deserts & Xeric Shrublands,Nearctic,NE13,1,Half Protected
521,Bajío dry forests,2,Tropical & Subtropical Dry Broadleaf Forests,Neotropic,NO02,4,Nature Imperiled
646,Balkan mixed forests,4,Temperate Broadleaf & Mixed Forests,Palearctic,PA04,3,Nature Could Recover
522,Balsas dry forests,2,Tropical & Subtropical Dry Broadleaf Forests,Neotropic,NO02,4,Nature Imperiled
647,Baltic mixed forests,4,Temperate Broadleaf & Mixed Forests,Palearctic,PA04,3,Nature Could Recover
814,Baluchistan xeric woodlands,13,Deserts & Xeric Shrublands,Palearctic,PA13,4,Nature Imperiled
136,Banda Sea Islands moist deciduous forests,1,Tropical & Subtropical Moist Broadleaf Forests,Australasia,AU01,2,Nature Could Reach Half Protected
564,Belizian pine savannas,7,"Tropical & Subtropical Grasslands, Savannas & Shrublands",Neotropic,NO07,3,Nature Could Recover
565,Beni savanna,7,"Tropical & Subtropical Grasslands, Savannas & Shrublands",Neotropic,NO07,1,Half Protected
779,Russian Bering tundra,11,Tundra,Palearctic,PA11,2,Nature Could Reach Half Protected
409,Beringia lowland tundra,11,Tundra,Nearctic,NE11,1,Half Protected
410,Beringia upland tundra,11,Tundra,Nearctic,NE11,2,Nature Could Reach Half Protected
325,Bermuda subtropical conifer forests,3,Tropical & Subtropical Coniferous Forests,Nearctic,NE03,4,Nature Imperiled
137,Biak-Numfoor rain forests,1,Tropical & Subtropical Moist Broadleaf Forests,Australasia,AU01,2,Nature Could Reach Half Protected
348,Blue Mountains forests,5,Temperate Conifer Forests,Nearctic,NE05,3,Nature Could Recover
742,Bohai Sea saline meadow,9,Flooded Grasslands & Savannas,Palearctic,PA09,3,Nature Could Recover
523,Bolivian montane dry forests,2,Tropical & Subtropical Dry Broadleaf Forests,Neotropic,NO02,4,Nature Imperiled
444,Bolivian Yungas,1,Tropical & Subtropical Moist Broadleaf Forests,Neotropic,NO01,1,Half Protected
219,Borneo lowland rain forests,1,Tropical & Subtropical Moist Broadleaf Forests,Indomalayan,IN01,2,Nature Could Reach Half Protected
221,Borneo peat swamp forests,1,Tropical & Subtropical Moist Broadleaf Forests,Indomalayan,IN01,2,Nature Could Reach Half Protected
222,Brahmaputra Valley semi-evergreen forests,1,Tropical & Subtropical Moist Broadleaf Forests,Indomalayan,IN01,4,Nature Imperiled
182,Brigalow tropical savanna,7,"Tropical & Subtropical Grasslands, Savannas & Shrublands",Australasia,AU07,2,Nature Could Reach Half Protected
349,British Columbia coastal conifer forests,5,Temperate Conifer Forests,Nearctic,NE05,2,Nature Could Reach Half Protected
411,Brooks-British Range tundra,11,Tundra,Nearctic,NE11,1,Half Protected
138,Buru rain forests,1,Tropical & Subtropical Moist Broadleaf Forests,Australasia,AU01,2,Nature Could Reach Half Protected
525,Caatinga,2,Tropical & Subtropical Dry Broadleaf Forests,Neotropic,NO02,4,Nature Imperiled
445,Caatinga Enclaves moist forests,1,Tropical & Subtropical Moist Broadleaf Forests,Neotropic,NO01,3,Nature Could Recover
691,Caledon conifer forests,5,Temperate Conifer Forests,Palearctic,PA05,4,Nature Imperiled
385,California Central Valley grasslands,8,"Temperate Grasslands, Savannas & Shrublands",Nearctic,NE08,4,Nature Imperiled
422,California coastal sage and chaparral,12,"Mediterranean Forests, Woodlands & Scrub",Nearctic,NE12,4,Nature Imperiled
423,California interior chaparral and woodlands,12,"Mediterranean Forests, Woodlands & Scrub",Nearctic,NE12,3,Nature Could Recover
424,California montane chaparral and woodlands,12,"Mediterranean Forests, Woodlands & Scrub",Nearctic,NE12,3,Nature Could Recover
2,Cameroon Highlands forests,1,Tropical & Subtropical Moist Broadleaf Forests,Afrotropic,AF01,4,Nature Imperiled
566,Campos Rupestres montane savanna,7,"Tropical & Subtropical Grasslands, Savannas & Shrublands",Neotropic,NO07,1,Half Protected
386,Canadian Aspen forests and parklands,8,"Temperate Grasslands, Savannas & Shrublands",Nearctic,NE08,4,Nature Imperiled
413,Canadian Low Arctic tundra,11,Tundra,Nearctic,NE11,2,Nature Could Reach Half Protected
787,Canary Islands dry woodlands and forests,12,"Mediterranean Forests, Woodlands & Scrub",Palearctic,PA12,1,Half Protected
648,Cantabrian mixed forests,4,Temperate Broadleaf & Mixed Forests,Palearctic,PA04,3,Nature Could Recover
190,Canterbury-Otago tussock grasslands,8,"Temperate Grasslands, Savannas & Shrublands",Australasia,AU08,3,Nature Could Recover
31,Cape Verde Islands dry forests,2,Tropical & Subtropical Dry Broadleaf Forests,Afrotropic,AF02,4,Nature Imperiled
183,Cape York Peninsula tropical savanna,7,"Tropical & Subtropical Grasslands, Savannas & Shrublands",Australasia,AU07,2,Nature Could Reach Half Protected
446,Caqueta moist forests,1,Tropical & Subtropical Moist Broadleaf Forests,Neotropic,NO01,2,Nature Could Reach Half Protected
223,Cardamom Mountains rain forests,1,Tropical & Subtropical Moist Broadleaf Forests,Indomalayan,IN01,2,Nature Could Reach Half Protected
599,Caribbean shrublands,13,Deserts & Xeric Shrublands,Neotropic,NO13,3,Nature Could Recover
207,Carnarvon xeric shrublands,13,Deserts & Xeric Shrublands,Australasia,AU13,2,Nature Could Reach Half Protected
618,Carolines tropical moist forests,1,Tropical & Subtropical Moist Broadleaf Forests,Oceania,OC01,4,Nature Imperiled
692,Carpathian montane forests,5,Temperate Conifer Forests,Palearctic,PA05,2,Nature Could Reach Half Protected
184,Carpentaria tropical savanna,7,"Tropical & Subtropical Grasslands, Savannas & Shrublands",Australasia,AU07,2,Nature Could Reach Half Protected
649,Caspian Hyrcanian mixed forests,4,Temperate Broadleaf & Mixed Forests,Palearctic,PA04,3,Nature Could Recover
815,Caspian lowland desert,13,Deserts & Xeric Shrublands,Palearctic,PA13,3,Nature Could Recover
447,Catatumbo moist forests,1,Tropical & Subtropical Moist Broadleaf Forests,Neotropic,NO01,2,Nature Could Reach Half Protected
526,Cauca Valley dry forests,2,Tropical & Subtropical Dry Broadleaf Forests,Neotropic,NO02,4,Nature Imperiled
448,Cauca Valley montane forests,1,Tropical & Subtropical Moist Broadleaf Forests,Neotropic,NO01,2,Nature Could Reach Half Protected
650,Caucasus mixed forests,4,Temperate Broadleaf & Mixed Forests,Palearctic,PA04,3,Nature Could Recover
449,Cayos Miskitos-San Andrés and Providencia moist forests,1,Tropical & Subtropical Moist Broadleaf Forests,Neotropic,NO01,1,Half Protected
651,Celtic broadleaf forests,4,Temperate Broadleaf & Mixed Forests,Palearctic,PA04,4,Nature Imperiled
816,Central Afghan Mountains xeric woodlands,13,Deserts & Xeric Shrublands,Palearctic,PA13,4,Nature Imperiled
111,Central African mangroves,14,Mangroves,Afrotropic,AF14,2,Nature Could Reach Half Protected
450,Central American Atlantic moist forests,1,Tropical & Subtropical Moist Broadleaf Forests,Neotropic,NO01,2,Nature Could Reach Half Protected
527,Central American dry forests,2,Tropical & Subtropical Dry Broadleaf Forests,Neotropic,NO02,3,Nature Could Recover
451,Central American montane forests,1,Tropical & Subtropical Moist Broadleaf Forests,Neotropic,NO01,3,Nature Could Recover
553,Central American pine-oak forests,3,Tropical & Subtropical Coniferous Forests,Neotropic,NO03,2,Nature Could Reach Half Protected
725,Central Anatolian steppe,8,"Temperate Grasslands, Savannas & Shrublands",Palearctic,PA08,4,Nature Imperiled
652,Central Anatolian steppe and woodlands,4,Temperate Broadleaf & Mixed Forests,Palearctic,PA04,4,Nature Imperiled
352,Central-Southern Cascades Forests,5,Temperate Conifer Forests,Nearctic,NE05,2,Nature Could Reach Half Protected
389,Central-Southern US mixed grasslands,8,"Temperate Grasslands, Savannas & Shrublands",Nearctic,NE08,4,Nature Imperiled
587,Central Andean dry puna,10,Montane Grasslands & Shrublands,Neotropic,NO10,2,Nature Could Reach Half Protected
588,Central Andean puna,10,Montane Grasslands & Shrublands,Neotropic,NO10,1,Half Protected
589,Central Andean wet puna,10,Montane Grasslands & Shrublands,Neotropic,NO10,3,Nature Could Recover
817,Central Asian northern desert,13,Deserts & Xeric Shrublands,Palearctic,PA13,2,Nature Could Reach Half Protected
818,Central Asian riparian woodlands,13,Deserts & Xeric Shrublands,Palearctic,PA13,3,Nature Could Recover
819,Central Asian southern desert,13,Deserts & Xeric Shrublands,Palearctic,PA13,4,Nature Imperiled
350,Central British Columbia Mountain forests,5,Temperate Conifer Forests,Nearctic,NE05,2,Nature Could Reach Half Protected
38,Central bushveld,7,"Tropical & Subtropical Grasslands, Savannas & Shrublands",Afrotropic,AF07,3,Nature Could Recover
370,Central Canadian Shield forests,6,Boreal Forests/Taiga,Nearctic,NE06,2,Nature Could Reach Half Protected
653,Central China Loess Plateau mixed forests,4,Temperate Broadleaf & Mixed Forests,Palearctic,PA04,4,Nature Imperiled
3,Central Congolian lowland forests,1,Tropical & Subtropical Moist Broadleaf Forests,Afrotropic,AF01,2,Nature Could Reach Half Protected
290,Central Deccan Plateau dry deciduous forests,2,Tropical & Subtropical Dry Broadleaf Forests,Indomalayan,IN02,4,Nature Imperiled
654,Central European mixed forests,4,Temperate Broadleaf & Mixed Forests,Palearctic,PA04,3,Nature Could Recover
387,Central US forest-grasslands transition,8,"Temperate Grasslands, Savannas & Shrublands",Nearctic,NE08,4,Nature Imperiled
291,Central Indochina dry forests,2,Tropical & Subtropical Dry Broadleaf Forests,Indomalayan,IN02,4,Nature Imperiled
655,Central Korean deciduous forests,4,Temperate Broadleaf & Mixed Forests,Palearctic,PA04,4,Nature Imperiled
427,Central Mexican matorral,13,Deserts & Xeric Shrublands,Nearctic,NE13,4,Nature Imperiled
351,Central Pacific Northwest coastal forests,5,Temperate Conifer Forests,Nearctic,NE05,2,Nature Could Reach Half Protected
820,Central Persian desert basins,13,Deserts & Xeric Shrublands,Palearctic,PA13,2,Nature Could Reach Half Protected
619,Central Polynesian tropical moist forests,1,Tropical & Subtropical Moist Broadleaf Forests,Oceania,OC01,4,Nature Imperiled
139,Central Range Papuan montane rain forests,1,Tropical & Subtropical Moist Broadleaf Forests,Australasia,AU01,2,Nature Could Reach Half Protected
195,Papuan Central Range sub-alpine grasslands,10,Montane Grasslands & Shrublands,Australasia,AU10,2,Nature Could Reach Half Protected
208,Central Ranges xeric scrub,13,Deserts & Xeric Shrublands,Australasia,AU13,2,Nature Could Reach Half Protected
118,Central South Antarctic Peninsula tundra,11,Tundra,Antarctica,AN11,1,Half Protected
388,Central Tallgrass prairie,8,"Temperate Grasslands, Savannas & Shrublands",Nearctic,NE08,4,Nature Imperiled
750,Central Tibetan Plateau alpine steppe,10,Montane Grasslands & Shrublands,Palearctic,PA10,2,Nature Could Reach Half Protected
39,Central Zambezian wet miombo woodlands,7,"Tropical & Subtropical Grasslands, Savannas & Shrublands",Afrotropic,AF07,3,Nature Could Recover
567,Cerrado,7,"Tropical & Subtropical Grasslands, Savannas & Shrublands",Neotropic,NO07,3,Nature Could Recover
656,Changbai Mountains mixed forests,4,Temperate Broadleaf & Mixed Forests,Palearctic,PA04,3,Nature Could Recover
657,Changjiang Plain evergreen forests,4,Temperate Broadleaf & Mixed Forests,Palearctic,PA04,4,Nature Imperiled
224,Chao Phraya freshwater swamp forests,1,Tropical & Subtropical Moist Broadleaf Forests,Indomalayan,IN01,4,Nature Imperiled
225,Chao Phraya lowland moist deciduous forests,1,Tropical & Subtropical Moist Broadleaf Forests,Indomalayan,IN01,4,Nature Imperiled
167,Chatham Island temperate forests,4,Temperate Broadleaf & Mixed Forests,Australasia,AU04,4,Nature Imperiled
771,Cherskii-Kolyma mountain tundra,11,Tundra,Palearctic,PA11,2,Nature Could Reach Half Protected
292,Chhota-Nagpur dry deciduous forests,2,Tropical & Subtropical Dry Broadleaf Forests,Indomalayan,IN02,4,Nature Imperiled
528,Chiapas Depression dry forests,2,Tropical & Subtropical Dry Broadleaf Forests,Neotropic,NO02,4,Nature Imperiled
452,Chiapas montane forests,1,Tropical & Subtropical Moist Broadleaf Forests,Neotropic,NO01,2,Nature Could Reach Half Protected
428,Chihuahuan desert,13,Deserts & Xeric Shrublands,Nearctic,NE13,2,Nature Could Reach Half Protected
596,Chilean Matorral,12,"Mediterranean Forests, Woodlands & Scrub",Neotropic,NO12,3,Nature Could Recover
453,Chimalapas montane forests,1,Tropical & Subtropical Moist Broadleaf Forests,Neotropic,NO01,2,Nature Could Reach Half Protected
226,Chin Hills-Arakan Yoma montane forests,1,Tropical & Subtropical Moist Broadleaf Forests,Indomalayan,IN01,2,Nature Could Reach Half Protected
529,Chiquitano dry forests,2,Tropical & Subtropical Dry Broadleaf Forests,Neotropic,NO02,2,Nature Could Reach Half Protected
454,Chocó-Darién moist forests,1,Tropical & Subtropical Moist Broadleaf Forests,Neotropic,NO01,2,Nature Could Reach Half Protected
227,Christmas and Cocos Islands tropical forests,1,Tropical & Subtropical Moist Broadleaf Forests,Indomalayan,IN01,2,Nature Could Reach Half Protected
772,Chukchi Peninsula tundra,11,Tundra,Palearctic,PA11,2,Nature Could Reach Half Protected
568,Clipperton Island shrub and grasslands,7,"Tropical & Subtropical Grasslands, Savannas & Shrublands",Neotropic,NO07,4,Nature Imperiled
455,Cocos Island moist forests,1,Tropical & Subtropical Moist Broadleaf Forests,Neotropic,NO01,1,Half Protected
429,Colorado Plateau shrublands,13,Deserts & Xeric Shrublands,Nearctic,NE13,2,Nature Could Reach Half Protected
353,Colorado Rockies forests,5,Temperate Conifer Forests,Nearctic,NE05,3,Nature Could Recover
4,Comoros forests,1,Tropical & Subtropical Moist Broadleaf Forests,Afrotropic,AF01,3,Nature Could Recover
371,Cook Inlet taiga,6,Boreal Forests/Taiga,Nearctic,NE06,2,Nature Could Reach Half Protected
620,Cook Islands tropical moist forests,1,Tropical & Subtropical Moist Broadleaf Forests,Oceania,OC01,3,Nature Could Recover
197,Coolgardie woodlands,12,"Mediterranean Forests, Woodlands & Scrub",Australasia,AU12,2,Nature Could Reach Half Protected
372,Copper Plateau taiga,6,Boreal Forests/Taiga,Nearctic,NE06,2,Nature Could Reach Half Protected
590,Cordillera Central páramo,10,Montane Grasslands & Shrublands,Neotropic,NO10,3,Nature Could Recover
591,Cordillera de Merida páramo,10,Montane Grasslands & Shrublands,Neotropic,NO10,4,Nature Imperiled
456,Cordillera La Costa montane forests,1,Tropical & Subtropical Moist Broadleaf Forests,Neotropic,NO01,1,Half Protected
457,Cordillera Oriental montane forests,1,Tropical & Subtropical Moist Broadleaf Forests,Neotropic,NO01,2,Nature Could Reach Half Protected
788,Corsican montane broadleaf and mixed forests,12,"Mediterranean Forests, Woodlands & Scrub",Palearctic,PA12,1,Half Protected
458,Costa Rican seasonal moist forests,1,Tropical & Subtropical Moist Broadleaf Forests,Neotropic,NO01,3,Nature Could Recover
789,Crete Mediterranean forests,12,"Mediterranean Forests, Woodlands & Scrub",Palearctic,PA12,3,Nature Could Recover
658,Crimean Submediterranean forest complex,4,Temperate Broadleaf & Mixed Forests,Palearctic,PA04,2,Nature Could Reach Half Protected
6,Cross-Niger transition forests,1,Tropical & Subtropical Moist Broadleaf Forests,Afrotropic,AF01,4,Nature Imperiled
7,Cross-Sanaga-Bioko coastal forests,1,Tropical & Subtropical Moist Broadleaf Forests,Afrotropic,AF01,2,Nature Could Reach Half Protected
390,Cross-Timbers savanna-woodland,8,"Temperate Grasslands, Savannas & Shrublands",Nearctic,NE08,4,Nature Imperiled
600,Cuban cactus scrub,13,Deserts & Xeric Shrublands,Neotropic,NO13,4,Nature Imperiled
530,Cuban dry forests,2,Tropical & Subtropical Dry Broadleaf Forests,Neotropic,NO02,4,Nature Imperiled
459,Cuban moist forests,1,Tropical & Subtropical Moist Broadleaf Forests,Neotropic,NO01,2,Nature Could Reach Half Protected
554,Cuban pine forests,3,Tropical & Subtropical Coniferous Forests,Neotropic,NO03,3,Nature Could Recover
579,Cuban wetlands,9,Flooded Grasslands & Savannas,Neotropic,NO09,1,Half Protected
790,Cyprus Mediterranean forests,12,"Mediterranean Forests, Woodlands & Scrub",Palearctic,PA12,4,Nature Imperiled
693,Da Hinggan-Dzhagdy Mountains conifer forests,5,Temperate Conifer Forests,Palearctic,PA05,3,Nature Could Recover
659,Daba Mountains evergreen forests,4,Temperate Broadleaf & Mixed Forests,Palearctic,PA04,2,Nature Could Reach Half Protected
726,Daurian forest steppe,8,"Temperate Grasslands, Savannas & Shrublands",Palearctic,PA08,2,Nature Could Reach Half Protected
415,Davis Highlands tundra,11,Tundra,Nearctic,NE11,2,Nature Could Reach Half Protected
315,Deccan thorn scrub forests,13,Deserts & Xeric Shrublands,Indomalayan,IN13,4,Nature Imperiled
660,Dinaric Mountains mixed forests,4,Temperate Broadleaf & Mixed Forests,Palearctic,PA04,2,Nature Could Reach Half Protected
92,Djibouti xeric shrublands,13,Deserts & Xeric Shrublands,Afrotropic,AF13,3,Nature Could Recover
40,Drakensberg Escarpment savanna and thicket,7,"Tropical & Subtropical Grasslands, Savannas & Shrublands",Afrotropic,AF07,4,Nature Imperiled
41,Drakensberg grasslands,7,"Tropical & Subtropical Grasslands, Savannas & Shrublands",Afrotropic,AF07,4,Nature Imperiled
0,Rock and Ice,11,N/A,N/A,N/A,0,N/A
569,Dry Chaco,7,"Tropical & Subtropical Grasslands, Savannas & Shrublands",Neotropic,NO07,2,Nature Could Reach Half Protected
694,East Afghan montane conifer forests,5,Temperate Conifer Forests,Palearctic,PA05,4,Nature Imperiled
69,East African halophytics,9,Flooded Grasslands & Savannas,Afrotropic,AF09,3,Nature Could Recover
112,East African mangroves,14,Mangroves,Afrotropic,AF14,3,Nature Could Recover
120,East Antarctic tundra,11,Tundra,Antarctica,AN11,1,Half Protected
821,East Arabian fog shrublands and sand desert,13,Deserts & Xeric Shrublands,Palearctic,PA13,2,Nature Could Reach Half Protected
332,East Central Texas forests,4,Temperate Broadleaf & Mixed Forests,Nearctic,NE04,4,Nature Imperiled
293,East Deccan dry-evergreen forests,2,Tropical & Subtropical Dry Broadleaf Forests,Indomalayan,IN02,4,Nature Imperiled
661,East European forest steppe,4,Temperate Broadleaf & Mixed Forests,Palearctic,PA04,4,Nature Imperiled
822,East Sahara Desert,13,Deserts & Xeric Shrublands,Palearctic,PA13,2,Nature Could Reach Half Protected
823,East Saharan montane xeric woodlands,13,Deserts & Xeric Shrublands,Palearctic,PA13,2,Nature Could Reach Half Protected
710,East Siberian taiga,6,Boreal Forests/Taiga,Palearctic,PA06,2,Nature Could Reach Half Protected
43,East Sudanian savanna,7,"Tropical & Subtropical Grasslands, Savannas & Shrublands",Afrotropic,AF07,3,Nature Could Recover
662,Eastern Anatolian deciduous forests,4,Temperate Broadleaf & Mixed Forests,Palearctic,PA04,4,Nature Imperiled
727,Eastern Anatolian montane steppe,8,"Temperate Grasslands, Savannas & Shrublands",Palearctic,PA08,4,Nature Imperiled
191,Eastern Australia mulga shrublands,8,"Temperate Grasslands, Savannas & Shrublands",Australasia,AU08,2,Nature Could Reach Half Protected
168,Eastern Australian temperate forests,4,Temperate Broadleaf & Mixed Forests,Australasia,AU04,4,Nature Imperiled
373,Eastern Canadian forests,6,Boreal Forests/Taiga,Nearctic,NE06,2,Nature Could Reach Half Protected
374,Eastern Canadian Shield taiga,6,Boreal Forests/Taiga,Nearctic,NE06,2,Nature Could Reach Half Protected
354,Eastern Cascades forests,5,Temperate Conifer Forests,Nearctic,NE05,4,Nature Imperiled
10,Eastern Congolian swamp forests,1,Tropical & Subtropical Moist Broadleaf Forests,Afrotropic,AF01,2,Nature Could Reach Half Protected
460,Eastern Cordillera Real montane forests,1,Tropical & Subtropical Moist Broadleaf Forests,Neotropic,NO01,2,Nature Could Reach Half Protected
333,Eastern Canadian Forest-Boreal transition,4,Temperate Broadleaf & Mixed Forests,Nearctic,NE04,2,Nature Could Reach Half Protected
824,Eastern Gobi desert steppe,13,Deserts & Xeric Shrublands,Palearctic,PA13,2,Nature Could Reach Half Protected
334,Eastern Great Lakes lowland forests,4,Temperate Broadleaf & Mixed Forests,Nearctic,NE04,4,Nature Imperiled
11,Eastern Guinean forests,1,Tropical & Subtropical Moist Broadleaf Forests,Afrotropic,AF01,3,Nature Could Recover
228,East Deccan moist deciduous forests,1,Tropical & Subtropical Moist Broadleaf Forests,Indomalayan,IN01,4,Nature Imperiled
751,Eastern Himalayan alpine shrub and meadows,10,Montane Grasslands & Shrublands,Palearctic,PA10,2,Nature Could Reach Half Protected
306,Eastern Himalayan broadleaf forests,4,Temperate Broadleaf & Mixed Forests,Indomalayan,IN04,2,Nature Could Reach Half Protected
309,Eastern Himalayan subalpine conifer forests,5,Temperate Conifer Forests,Indomalayan,IN05,2,Nature Could Reach Half Protected
229,Eastern Java-Bali montane rain forests,1,Tropical & Subtropical Moist Broadleaf Forests,Indomalayan,IN01,2,Nature Could Reach Half Protected
230,Eastern Java-Bali rain forests,1,Tropical & Subtropical Moist Broadleaf Forests,Indomalayan,IN01,4,Nature Imperiled
791,Eastern Mediterranean conifer-broadleaf forests,12,"Mediterranean Forests, Woodlands & Scrub",Palearctic,PA12,4,Nature Imperiled
621,Eastern Micronesia tropical moist forests,1,Tropical & Subtropical Moist Broadleaf Forests,Oceania,OC01,4,Nature Imperiled
461,Eastern Panamanian montane forests,1,Tropical & Subtropical Moist Broadleaf Forests,Neotropic,NO01,1,Half Protected
531,Ecuadorian dry forests,2,Tropical & Subtropical Dry Broadleaf Forests,Neotropic,NO02,3,Nature Could Recover
391,Edwards Plateau savanna,8,"Temperate Grasslands, Savannas & Shrublands",Nearctic,NE08,2,Nature Could Reach Half Protected
185,Einasleigh upland savanna,7,"Tropical & Subtropical Grasslands, Savannas & Shrublands",Australasia,AU07,2,Nature Could Reach Half Protected
695,Elburz Range forest steppe,5,Temperate Conifer Forests,Palearctic,PA05,4,Nature Imperiled
121,Ellsworth Land tundra,11,Tundra,Antarctica,AN11,1,Half Protected
122,Ellsworth Mountains tundra,11,Tundra,Antarctica,AN11,1,Half Protected
728,Emin Valley steppe,8,"Temperate Grasslands, Savannas & Shrublands",Palearctic,PA08,3,Nature Could Recover
123,Enderby Land tundra,11,Tundra,Antarctica,AN11,1,Half Protected
663,English Lowlands beech forests,4,Temperate Broadleaf & Mixed Forests,Palearctic,PA04,3,Nature Could Recover
580,Enriquillo wetlands,9,Flooded Grasslands & Savannas,Neotropic,NO09,1,Half Protected
93,Eritrean coastal desert,13,Deserts & Xeric Shrublands,Afrotropic,AF13,3,Nature Could Recover
198,Esperance mallee,12,"Mediterranean Forests, Woodlands & Scrub",Australasia,AU12,2,Nature Could Reach Half Protected
575,Espinal,8,"Temperate Grasslands, Savannas & Shrublands",Neotropic,NO08,3,Nature Could Recover
12,Ethiopian montane forests,1,Tropical & Subtropical Moist Broadleaf Forests,Afrotropic,AF01,4,Nature Imperiled
79,Ethiopian montane grasslands and woodlands,10,Montane Grasslands & Shrublands,Afrotropic,AF10,4,Nature Imperiled
80,Ethiopian montane moorlands,10,Montane Grasslands & Shrublands,Afrotropic,AF10,3,Nature Could Recover
70,Etosha Pan halophytics,9,Flooded Grasslands & Savannas,Afrotropic,AF09,1,Half Protected
665,Euxine-Colchic broadleaf forests,4,Temperate Broadleaf & Mixed Forests,Palearctic,PA04,3,Nature Could Recover
581,Everglades flooded grasslands,9,Flooded Grasslands & Savannas,Neotropic,NO09,2,Nature Could Reach Half Protected
199,Eyre and York mallee,12,"Mediterranean Forests, Woodlands & Scrub",Australasia,AU12,3,Nature Could Recover
729,Faroe Islands boreal grasslands,8,"Temperate Grasslands, Savannas & Shrublands",Palearctic,PA08,4,Nature Imperiled
462,Fernando de Noronha-Atol das Rocas moist forests,1,Tropical & Subtropical Moist Broadleaf Forests,Neotropic,NO01,4,Nature Imperiled
635,Fiji tropical dry forests,2,Tropical & Subtropical Dry Broadleaf Forests,Oceania,NO02,3,Nature Could Recover
622,Fiji tropical moist forests,1,Tropical & Subtropical Moist Broadleaf Forests,Oceania,OC01,2,Nature Could Reach Half Protected
169,Fiordland temperate forests,4,Temperate Broadleaf & Mixed Forests,Australasia,AU04,1,Half Protected
200,Flinders-Lofty montane woodlands,12,"Mediterranean Forests, Woodlands & Scrub",Australasia,AU12,2,Nature Could Reach Half Protected
392,Flint Hills tallgrass prairie,8,"Temperate Grasslands, Savannas & Shrublands",Nearctic,NE08,4,Nature Imperiled
355,Fraser Plateau and Basin conifer forests,5,Temperate Conifer Forests,Nearctic,NE05,3,Nature Could Recover
89,Fynbos shrubland,12,"Mediterranean Forests, Woodlands & Scrub",Afrotropic,AF12,3,Nature Could Recover
601,Galápagos Islands xeric scrub,13,Deserts & Xeric Shrublands,Neotropic,NO13,1,Half Protected
94,Gariep Karoo,13,Deserts & Xeric Shrublands,Afrotropic,AF13,2,Nature Could Reach Half Protected
752,Ghorat-Hazarajat alpine meadow,10,Montane Grasslands & Shrublands,Palearctic,PA10,4,Nature Imperiled
209,Gibson desert,13,Deserts & Xeric Shrublands,Australasia,AU13,1,Half Protected
730,Gissaro-Alai open woodlands,8,"Temperate Grasslands, Savannas & Shrublands",Palearctic,PA08,4,Nature Imperiled
316,Godavari-Krishna mangroves,13,Deserts & Xeric Shrublands,Indomalayan,IN13,4,Nature Imperiled
825,Gobi Lakes Valley desert steppe,13,Deserts & Xeric Shrublands,Palearctic,PA13,2,Nature Could Reach Half Protected
13,Granitic Seychelles forests,1,Tropical & Subtropical Moist Broadleaf Forests,Afrotropic,AF01,2,Nature Could Reach Half Protected
356,Great Basin montane forests,5,Temperate Conifer Forests,Nearctic,NE05,2,Nature Could Reach Half Protected
430,Great Basin shrub steppe,13,Deserts & Xeric Shrublands,Nearctic,NE13,2,Nature Could Reach Half Protected
826,Great Lakes Basin desert steppe,13,Deserts & Xeric Shrublands,Palearctic,PA13,3,Nature Could Recover
210,Great Sandy-Tanami desert,13,Deserts & Xeric Shrublands,Australasia,AU13,2,Nature Could Reach Half Protected
211,Great Victoria desert,13,Deserts & Xeric Shrublands,Australasia,AU13,2,Nature Could Reach Half Protected
231,Greater Negros-Panay rain forests,1,Tropical & Subtropical Moist Broadleaf Forests,Indomalayan,IN01,3,Nature Could Recover
602,Guajira-Barranquilla xeric scrub,13,Deserts & Xeric Shrublands,Neotropic,NO13,4,Nature Imperiled
582,Guayaquil flooded grasslands,9,Flooded Grasslands & Savannas,Neotropic,NO09,4,Nature Imperiled
463,Guianan freshwater swamp forests,1,Tropical & Subtropical Moist Broadleaf Forests,Neotropic,NO01,2,Nature Could Reach Half Protected
464,Guianan Highlands moist forests,1,Tropical & Subtropical Moist Broadleaf Forests,Neotropic,NO01,1,Half Protected
465,Guianan lowland moist forests,1,Tropical & Subtropical Moist Broadleaf Forests,Neotropic,NO01,2,Nature Could Reach Half Protected
466,Guianan piedmont moist forests,1,Tropical & Subtropical Moist Broadleaf Forests,Neotropic,NO01,1,Half Protected
570,Guianan savanna,7,"Tropical & Subtropical Grasslands, Savannas & Shrublands",Neotropic,NO07,1,Half Protected
44,Guinean forest-savanna,7,"Tropical & Subtropical Grasslands, Savannas & Shrublands",Afrotropic,AF07,4,Nature Imperiled
113,Guinean mangroves,14,Mangroves,Afrotropic,AF14,3,Nature Could Recover
14,Guinean montane forests,1,Tropical & Subtropical Moist Broadleaf Forests,Afrotropic,AF01,3,Nature Could Recover
642,Guizhou Plateau broadleaf and mixed forests,1,Tropical & Subtropical Moist Broadleaf Forests,Palearctic,PA01,3,Nature Could Recover
431,Gulf of California xeric scrub,13,Deserts & Xeric Shrublands,Nearctic,NE13,1,Half Protected
335,Gulf of St. Lawrence lowland forests,4,Temperate Broadleaf & Mixed Forests,Nearctic,NE04,2,Nature Could Reach Half Protected
467,Gurupa várzea,1,Tropical & Subtropical Moist Broadleaf Forests,Neotropic,NO01,2,Nature Could Reach Half Protected
232,Hainan Island monsoon rain forests,1,Tropical & Subtropical Moist Broadleaf Forests,Indomalayan,IN01,3,Nature Could Recover
140,Halmahera rain forests,1,Tropical & Subtropical Moist Broadleaf Forests,Australasia,AU01,2,Nature Could Reach Half Protected
201,Hampton mallee and woodlands,12,"Mediterranean Forests, Woodlands & Scrub",Australasia,AU12,2,Nature Could Reach Half Protected
636,Hawai'i tropical dry forests,2,Tropical & Subtropical Dry Broadleaf Forests,Oceania,NO02,3,Nature Could Recover
639,Hawai'i tropical high shrublands,7,"Tropical & Subtropical Grasslands, Savannas & Shrublands",Oceania,NO07,3,Nature Could Recover
640,Hawai'i tropical low shrublands,7,"Tropical & Subtropical Grasslands, Savannas & Shrublands",Oceania,NO07,4,Nature Imperiled
623,Hawai'i tropical moist forests,1,Tropical & Subtropical Moist Broadleaf Forests,Oceania,OC01,2,Nature Could Reach Half Protected
696,Helanshan montane conifer forests,5,Temperate Conifer Forests,Palearctic,PA05,3,Nature Could Recover
697,Hengduan Mountains subalpine conifer forests,5,Temperate Conifer Forests,Palearctic,PA05,3,Nature Could Recover
412,Canadian High Arctic tundra,11,Tundra,Nearctic,NE11,2,Nature Could Reach Half Protected
592,High Monte,10,Montane Grasslands & Shrublands,Neotropic,NO10,3,Nature Could Recover
81,Highveld grasslands,10,Montane Grasslands & Shrublands,Afrotropic,AF10,4,Nature Imperiled
233,Himalayan subtropical broadleaf forests,1,Tropical & Subtropical Moist Broadleaf Forests,Indomalayan,IN01,3,Nature Could Recover
302,Himalayan subtropical pine forests,3,Tropical & Subtropical Coniferous Forests,Indomalayan,IN03,3,Nature Could Recover
753,Hindu Kush alpine meadow,10,Montane Grasslands & Shrublands,Palearctic,PA10,4,Nature Imperiled
532,Hispaniolan dry forests,2,Tropical & Subtropical Dry Broadleaf Forests,Neotropic,NO02,3,Nature Could Recover
468,Hispaniolan moist forests,1,Tropical & Subtropical Moist Broadleaf Forests,Neotropic,NO01,3,Nature Could Recover
555,Hispaniolan pine forests,3,Tropical & Subtropical Coniferous Forests,Neotropic,NO03,2,Nature Could Reach Half Protected
95,Hobyo grasslands and shrublands,13,Deserts & Xeric Shrublands,Afrotropic,AF13,4,Nature Imperiled
666,Hokkaido deciduous forests,4,Temperate Broadleaf & Mixed Forests,Palearctic,PA04,2,Nature Could Reach Half Protected
698,Hokkaido montane conifer forests,5,Temperate Conifer Forests,Palearctic,PA05,2,Nature Could Reach Half Protected
699,Honshu alpine conifer forests,5,Temperate Conifer Forests,Palearctic,PA05,2,Nature Could Reach Half Protected
45,Horn of Africa xeric bushlands,7,"Tropical & Subtropical Grasslands, Savannas & Shrublands",Afrotropic,AF07,4,Nature Imperiled
667,Huang He Plain mixed forests,4,Temperate Broadleaf & Mixed Forests,Palearctic,PA04,4,Nature Imperiled
571,Humid Chaco,7,"Tropical & Subtropical Grasslands, Savannas & Shrublands",Neotropic,NO07,3,Nature Could Recover
576,Humid Pampas,8,"Temperate Grasslands, Savannas & Shrublands",Neotropic,NO08,4,Nature Imperiled
141,Huon Peninsula montane rain forests,1,Tropical & Subtropical Moist Broadleaf Forests,Australasia,AU01,2,Nature Could Reach Half Protected
792,Iberian conifer forests,12,"Mediterranean Forests, Woodlands & Scrub",Palearctic,PA12,3,Nature Could Recover
793,Iberian sclerophyllous and semi-deciduous forests,12,"Mediterranean Forests, Woodlands & Scrub",Palearctic,PA12,3,Nature Could Recover
711,Iceland boreal birch forests and alpine tundra,6,Boreal Forests/Taiga,Palearctic,PA06,2,Nature Could Reach Half Protected
794,Illyrian deciduous forests,12,"Mediterranean Forests, Woodlands & Scrub",Palearctic,PA12,3,Nature Could Recover
319,Indochina mangroves,14,Mangroves,Indomalayan,IN14,4,Nature Imperiled
320,Indus River Delta-Arabian Sea mangroves,14,Mangroves,Indomalayan,IN14,3,Nature Could Recover
317,Indus Valley desert,13,Deserts & Xeric Shrublands,Indomalayan,IN13,1,Half Protected
71,Inner Niger Delta flooded savanna,9,Flooded Grasslands & Savannas,Afrotropic,AF09,1,Half Protected
375,Interior Alaska-Yukon lowland taiga,6,Boreal Forests/Taiga,Nearctic,NE06,2,Nature Could Reach Half Protected
336,Interior Plateau US Hardwood Forests,4,Temperate Broadleaf & Mixed Forests,Nearctic,NE04,3,Nature Could Recover
416,Interior Yukon-Alaska alpine tundra,11,Tundra,Nearctic,NE11,2,Nature Could Reach Half Protected
469,Iquitos várzea,1,Tropical & Subtropical Moist Broadleaf Forests,Neotropic,NO01,3,Nature Could Recover
294,Irrawaddy dry forests,2,Tropical & Subtropical Dry Broadleaf Forests,Indomalayan,IN02,4,Nature Imperiled
234,Irrawaddy freshwater swamp forests,1,Tropical & Subtropical Moist Broadleaf Forests,Indomalayan,IN01,4,Nature Imperiled
235,Irrawaddy moist deciduous forests,1,Tropical & Subtropical Moist Broadleaf Forests,Indomalayan,IN01,4,Nature Imperiled
533,Islas Revillagigedo dry forests,2,Tropical & Subtropical Dry Broadleaf Forests,Neotropic,NO02,1,Half Protected
470,Isthmian-Atlantic moist forests,1,Tropical & Subtropical Moist Broadleaf Forests,Neotropic,NO01,2,Nature Could Reach Half Protected
471,Isthmian-Pacific moist forests,1,Tropical & Subtropical Moist Broadleaf Forests,Neotropic,NO01,3,Nature Could Recover
795,Italian sclerophyllous and semi-deciduous forests,12,"Mediterranean Forests, Woodlands & Scrub",Palearctic,PA12,4,Nature Imperiled
46,Itigi-Sumbu thicket,7,"Tropical & Subtropical Grasslands, Savannas & Shrublands",Afrotropic,AF07,3,Nature Could Recover
534,Jalisco dry forests,2,Tropical & Subtropical Dry Broadleaf Forests,Neotropic,NO02,3,Nature Could Recover
535,Jamaican dry forests,2,Tropical & Subtropical Dry Broadleaf Forests,Neotropic,NO02,3,Nature Could Recover
472,Jamaican moist forests,1,Tropical & Subtropical Moist Broadleaf Forests,Neotropic,NO01,2,Nature Could Reach Half Protected
473,Japurá-Solimões-Negro moist forests,1,Tropical & Subtropical Moist Broadleaf Forests,Neotropic,NO01,1,Half Protected
202,Jarrah-Karri forest and shrublands,12,"Mediterranean Forests, Woodlands & Scrub",Australasia,AU12,2,Nature Could Reach Half Protected
236,Jian Nan subtropical evergreen forests,1,Tropical & Subtropical Moist Broadleaf Forests,Indomalayan,IN01,3,Nature Could Recover
82,Jos Plateau forest-grassland,10,Montane Grasslands & Shrublands,Afrotropic,AF10,4,Nature Imperiled
560,Juan Fernández Islands temperate forests,4,Temperate Broadleaf & Mixed Forests,Neotropic,NO04,3,Nature Could Recover
827,Junggar Basin semi-desert,13,Deserts & Xeric Shrublands,Palearctic,PA13,3,Nature Could Recover
474,Juruá-Purus moist forests,1,Tropical & Subtropical Moist Broadleaf Forests,Neotropic,NO01,2,Nature Could Reach Half Protected
418,Kalaallit Nunaat High Arctic tundra,11,Tundra,Nearctic,NE11,1,Half Protected
47,Kalahari Acacia woodlands,7,"Tropical & Subtropical Grasslands, Savannas & Shrublands",Afrotropic,AF07,1,Half Protected
97,Kalahari xeric savanna,13,Deserts & Xeric Shrublands,Afrotropic,AF13,2,Nature Could Reach Half Protected
713,Kamchatka-Kurile meadows and sparse forests,6,Boreal Forests/Taiga,Palearctic,PA06,2,Nature Could Reach Half Protected
712,Kamchatka taiga,6,Boreal Forests/Taiga,Palearctic,PA06,2,Nature Could Reach Half Protected
98,Kaokoveld desert,13,Deserts & Xeric Shrublands,Afrotropic,AF13,1,Half Protected
754,Karakoram-West Tibetan Plateau alpine steppe,10,Montane Grasslands & Shrublands,Palearctic,PA10,3,Nature Could Recover
237,Kayah-Karen montane rain forests,1,Tropical & Subtropical Moist Broadleaf Forests,Indomalayan,IN01,2,Nature Could Reach Half Protected
731,Kazakh forest steppe,8,"Temperate Grasslands, Savannas & Shrublands",Palearctic,PA08,4,Nature Imperiled
828,Kazakh semi-desert,13,Deserts & Xeric Shrublands,Palearctic,PA13,2,Nature Could Reach Half Protected
732,Kazakh steppe,8,"Temperate Grasslands, Savannas & Shrublands",Palearctic,PA08,3,Nature Could Recover
733,Kazakh upland steppe,8,"Temperate Grasslands, Savannas & Shrublands",Palearctic,PA08,2,Nature Could Reach Half Protected
624,Kermadec Islands subtropical moist forests,1,Tropical & Subtropical Moist Broadleaf Forests,Oceania,OC01,2,Nature Could Reach Half Protected
755,Khangai Mountains alpine meadow,10,Montane Grasslands & Shrublands,Palearctic,PA10,2,Nature Could Reach Half Protected
700,Khangai Mountains conifer forests,5,Temperate Conifer Forests,Palearctic,PA05,3,Nature Could Recover
295,Khathiar-Gir dry deciduous forests,2,Tropical & Subtropical Dry Broadleaf Forests,Indomalayan,IN02,4,Nature Imperiled
186,Kimberly tropical savanna,7,"Tropical & Subtropical Grasslands, Savannas & Shrublands",Australasia,AU07,2,Nature Could Reach Half Protected
357,Klamath-Siskiyou forests,5,Temperate Conifer Forests,Nearctic,NE05,2,Nature Could Reach Half Protected
15,Knysna-Amatole montane forests,1,Tropical & Subtropical Moist Broadleaf Forests,Afrotropic,AF01,3,Nature Could Recover
774,Kola Peninsula tundra,11,Tundra,Palearctic,PA11,2,Nature Could Reach Half Protected
829,Kopet Dag semi-desert,13,Deserts & Xeric Shrublands,Palearctic,PA13,2,Nature Could Reach Half Protected
756,Kopet Dag woodlands and forest steppe,10,Montane Grasslands & Shrublands,Palearctic,PA10,3,Nature Could Recover
757,Kuh Rud and Eastern Iran montane woodlands,10,Montane Grasslands & Shrublands,Palearctic,PA10,3,Nature Could Recover
16,Kwazulu Natal-Cape coastal forests,1,Tropical & Subtropical Moist Broadleaf Forests,Afrotropic,AF01,4,Nature Imperiled
603,La Costa xeric shrublands,13,Deserts & Xeric Shrublands,Neotropic,NO13,4,Nature Imperiled
72,Lake Chad flooded savanna,9,Flooded Grasslands & Savannas,Afrotropic,AF09,3,Nature Could Recover
536,Lara-Falcón dry forests,2,Tropical & Subtropical Dry Broadleaf Forests,Neotropic,NO02,2,Nature Could Reach Half Protected
475,Leeward Islands moist forests,1,Tropical & Subtropical Moist Broadleaf Forests,Neotropic,NO01,1,Half Protected
163,Lesser Sundas deciduous forests,2,Tropical & Subtropical Dry Broadleaf Forests,Australasia,AU02,2,Nature Could Reach Half Protected
48,Limpopo lowveld,7,"Tropical & Subtropical Grasslands, Savannas & Shrublands",Afrotropic,AF07,3,Nature Could Recover
572,Llanos,7,"Tropical & Subtropical Grasslands, Savannas & Shrublands",Neotropic,NO07,2,Nature Could Reach Half Protected
142,Lord Howe Island subtropical forests,1,Tropical & Subtropical Moist Broadleaf Forests,Australasia,AU01,4,Nature Imperiled
143,Louisiade Archipelago rain forests,1,Tropical & Subtropical Moist Broadleaf Forests,Australasia,AU01,2,Nature Could Reach Half Protected
577,Low Monte,8,"Temperate Grasslands, Savannas & Shrublands",Neotropic,NO08,2,Nature Could Reach Half Protected
238,Lower Gangetic Plains moist deciduous forests,1,Tropical & Subtropical Moist Broadleaf Forests,Indomalayan,IN01,4,Nature Imperiled
239,Luang Prabang montane rain forests,1,Tropical & Subtropical Moist Broadleaf Forests,Indomalayan,IN01,2,Nature Could Reach Half Protected
240,Luzon montane rain forests,1,Tropical & Subtropical Moist Broadleaf Forests,Indomalayan,IN01,2,Nature Could Reach Half Protected
241,Luzon rain forests,1,Tropical & Subtropical Moist Broadleaf Forests,Indomalayan,IN01,3,Nature Could Recover
303,Luzon tropical pine forests,3,Tropical & Subtropical Coniferous Forests,Indomalayan,IN03,2,Nature Could Reach Half Protected
32,Madagascar dry deciduous forests,2,Tropical & Subtropical Dry Broadleaf Forests,Afrotropic,AF02,4,Nature Imperiled
83,Madagascar ericoid thickets,10,Montane Grasslands & Shrublands,Afrotropic,AF10,4,Nature Imperiled
17,Madagascar humid forests,1,Tropical & Subtropical Moist Broadleaf Forests,Afrotropic,AF01,3,Nature Could Recover
114,Madagascar mangroves,14,Mangroves,Afrotropic,AF14,4,Nature Imperiled
99,Madagascar spiny thickets,13,Deserts & Xeric Shrublands,Afrotropic,AF13,4,Nature Imperiled
18,Madagascar subhumid forests,1,Tropical & Subtropical Moist Broadleaf Forests,Afrotropic,AF01,4,Nature Imperiled
100,Madagascar succulent woodlands,13,Deserts & Xeric Shrublands,Afrotropic,AF13,4,Nature Imperiled
476,Madeira-Tapajós moist forests,1,Tropical & Subtropical Moist Broadleaf Forests,Neotropic,NO01,2,Nature Could Reach Half Protected
668,Madeira evergreen forests,4,Temperate Broadleaf & Mixed Forests,Palearctic,PA04,4,Nature Imperiled
478,Magdalena-Urabá moist forests,1,Tropical & Subtropical Moist Broadleaf Forests,Neotropic,NO01,3,Nature Could Recover
538,Magdalena Valley dry forests,2,Tropical & Subtropical Dry Broadleaf Forests,Neotropic,NO02,3,Nature Could Recover
477,Magdalena Valley montane forests,1,Tropical & Subtropical Moist Broadleaf Forests,Neotropic,NO01,2,Nature Could Reach Half Protected
561,Magellanic subpolar forests,4,Temperate Broadleaf & Mixed Forests,Neotropic,NO04,3,Nature Could Recover
73,Makgadikgadi halophytics,9,Flooded Grasslands & Savannas,Afrotropic,AF09,2,Nature Could Reach Half Protected
242,Malabar Coast moist forests,1,Tropical & Subtropical Moist Broadleaf Forests,Indomalayan,IN01,4,Nature Imperiled
243,Maldives-Lakshadweep-Chagos Archipelago tropical moist forests,1,Tropical & Subtropical Moist Broadleaf Forests,Indomalayan,IN01,2,Nature Could Reach Half Protected
604,Malpelo Island xeric scrub,13,Deserts & Xeric Shrublands,Neotropic,NO13,4,Nature Imperiled
669,Manchurian mixed forests,4,Temperate Broadleaf & Mixed Forests,Palearctic,PA04,3,Nature Could Recover
49,Mandara Plateau woodlands,7,"Tropical & Subtropical Grasslands, Savannas & Shrublands",Afrotropic,AF07,4,Nature Imperiled
19,Maputaland coastal forests and woodlands,1,Tropical & Subtropical Moist Broadleaf Forests,Afrotropic,AF01,4,Nature Imperiled
539,Maracaibo dry forests,2,Tropical & Subtropical Dry Broadleaf Forests,Neotropic,NO02,3,Nature Could Recover
480,Marajó várzea,1,Tropical & Subtropical Moist Broadleaf Forests,Neotropic,NO01,1,Half Protected
540,Maranhão Babaçu forests,2,Tropical & Subtropical Dry Broadleaf Forests,Neotropic,NO02,2,Nature Could Reach Half Protected
479,Marañón dry forests,1,Tropical & Subtropical Moist Broadleaf Forests,Neotropic,NO01,3,Nature Could Recover
637,Marianas tropical dry forests,2,Tropical & Subtropical Dry Broadleaf Forests,Oceania,NO02,2,Nature Could Reach Half Protected
625,Marquesas tropical moist forests,1,Tropical & Subtropical Moist Broadleaf Forests,Oceania,OC01,2,Nature Could Reach Half Protected
50,Masai xeric grasslands and shrublands,7,"Tropical & Subtropical Grasslands, Savannas & Shrublands",Afrotropic,AF07,3,Nature Could Recover
20,Mascarene forests,1,Tropical & Subtropical Moist Broadleaf Forests,Afrotropic,AF01,2,Nature Could Reach Half Protected
481,Mato Grosso tropical dry forests,1,Tropical & Subtropical Moist Broadleaf Forests,Neotropic,NO01,2,Nature Could Reach Half Protected
796,Mediterranean Acacia-Argania dry woodlands and succulent thickets,12,"Mediterranean Forests, Woodlands & Scrub",Palearctic,PA12,3,Nature Could Recover
701,Mediterranean conifer and mixed forests,5,Temperate Conifer Forests,Palearctic,PA05,3,Nature Could Recover
797,Mediterranean dry woodlands and steppe,12,"Mediterranean Forests, Woodlands & Scrub",Palearctic,PA12,3,Nature Could Recover
758,Mediterranean High Atlas juniper steppe,10,Montane Grasslands & Shrublands,Palearctic,PA10,3,Nature Could Recover
798,Mediterranean woodlands and forests,12,"Mediterranean Forests, Woodlands & Scrub",Palearctic,PA12,4,Nature Imperiled
244,Meghalaya subtropical forests,1,Tropical & Subtropical Moist Broadleaf Forests,Indomalayan,IN01,3,Nature Could Recover
245,Mentawai Islands rain forests,1,Tropical & Subtropical Moist Broadleaf Forests,Indomalayan,IN01,2,Nature Could Reach Half Protected
432,Meseta Central matorral,13,Deserts & Xeric Shrublands,Nearctic,NE13,4,Nature Imperiled
613,Mesoamerican Gulf-Caribbean mangroves,14,Mangroves,Neotropic,NO14,1,Half Protected
830,Mesopotamian shrub desert,13,Deserts & Xeric Shrublands,Palearctic,PA13,3,Nature Could Recover
376,Mid-Canada Boreal Plains forests,6,Boreal Forests/Taiga,Nearctic,NE06,2,Nature Could Reach Half Protected
414,Canadian Middle Arctic Tundra,11,Tundra,Nearctic,NE11,2,Nature Could Reach Half Protected
393,Mid-Atlantic US coastal savannas,8,"Temperate Grasslands, Savannas & Shrublands",Nearctic,NE08,4,Nature Imperiled
377,Midwest Canadian Shield forests,6,Boreal Forests/Taiga,Nearctic,NE06,2,Nature Could Reach Half Protected
247,Mindanao-Eastern Visayas rain forests,1,Tropical & Subtropical Moist Broadleaf Forests,Indomalayan,IN01,2,Nature Could Reach Half Protected
246,Mindanao montane rain forests,1,Tropical & Subtropical Moist Broadleaf Forests,Indomalayan,IN01,2,Nature Could Reach Half Protected
248,Mindoro rain forests,1,Tropical & Subtropical Moist Broadleaf Forests,Indomalayan,IN01,2,Nature Could Reach Half Protected
573,Miskito pine forests,7,"Tropical & Subtropical Grasslands, Savannas & Shrublands",Neotropic,NO07,3,Nature Could Recover
337,Mississippi lowland forests,4,Temperate Broadleaf & Mixed Forests,Nearctic,NE04,4,Nature Imperiled
187,Mitchell Grass Downs,7,"Tropical & Subtropical Grasslands, Savannas & Shrublands",Australasia,AU07,2,Nature Could Reach Half Protected
249,Mizoram-Manipur-Kachin rain forests,1,Tropical & Subtropical Moist Broadleaf Forests,Indomalayan,IN01,2,Nature Could Reach Half Protected
433,Mojave desert,13,Deserts & Xeric Shrublands,Nearctic,NE13,2,Nature Could Reach Half Protected
734,Mongolian-Manchurian grassland,8,"Temperate Grasslands, Savannas & Shrublands",Palearctic,PA08,3,Nature Could Recover
394,Montana Valley and Foothill grasslands,8,"Temperate Grasslands, Savannas & Shrublands",Nearctic,NE08,3,Nature Could Recover
482,Monte Alegre várzea,1,Tropical & Subtropical Moist Broadleaf Forests,Neotropic,NO01,2,Nature Could Reach Half Protected
605,Motagua Valley thornscrub,13,Deserts & Xeric Shrublands,Neotropic,NO13,4,Nature Imperiled
21,Mount Cameroon and Bioko montane forests,1,Tropical & Subtropical Moist Broadleaf Forests,Afrotropic,AF01,1,Half Protected
84,Mulanje Montane forest-grassland,10,Montane Grasslands & Shrublands,Afrotropic,AF10,1,Half Protected
203,Murray-Darling woodlands and mallee,12,"Mediterranean Forests, Woodlands & Scrub",Australasia,AU12,3,Nature Could Recover
378,Muskwa-Slave Lake taiga,6,Boreal Forests/Taiga,Nearctic,NE06,2,Nature Could Reach Half Protected
321,Myanmar Coast mangroves,14,Mangroves,Indomalayan,IN14,2,Nature Could Reach Half Protected
250,Myanmar coastal rain forests,1,Tropical & Subtropical Moist Broadleaf Forests,Indomalayan,IN01,3,Nature Could Recover
101,Nama Karoo shrublands,13,Deserts & Xeric Shrublands,Afrotropic,AF13,3,Nature Could Recover
102,Namaqualand-Richtersveld steppe,13,Deserts & Xeric Shrublands,Afrotropic,AF13,2,Nature Could Reach Half Protected
103,Namib Desert,13,Deserts & Xeric Shrublands,Afrotropic,AF13,1,Half Protected
104,Namibian savanna woodlands,13,Deserts & Xeric Shrublands,Afrotropic,AF13,3,Nature Could Recover
251,Nansei Islands subtropical evergreen forests,1,Tropical & Subtropical Moist Broadleaf Forests,Indomalayan,IN01,2,Nature Could Reach Half Protected
483,Napo moist forests,1,Tropical & Subtropical Moist Broadleaf Forests,Neotropic,NO01,2,Nature Could Reach Half Protected
204,Naracoorte woodlands,12,"Mediterranean Forests, Woodlands & Scrub",Australasia,AU12,3,Nature Could Recover
296,Narmada Valley dry deciduous forests,2,Tropical & Subtropical Dry Broadleaf Forests,Indomalayan,IN02,4,Nature Imperiled
395,Nebraska Sand Hills mixed grasslands,8,"Temperate Grasslands, Savannas & Shrublands",Nearctic,NE08,2,Nature Could Reach Half Protected
484,Negro-Branco moist forests,1,Tropical & Subtropical Moist Broadleaf Forests,Neotropic,NO01,2,Nature Could Reach Half Protected
170,Nelson Coast temperate forests,4,Temperate Broadleaf & Mixed Forests,Australasia,AU04,1,Half Protected
743,Nenjiang River grassland,9,Flooded Grasslands & Savannas,Palearctic,PA09,4,Nature Imperiled
144,New Britain-New Ireland lowland rain forests,1,Tropical & Subtropical Moist Broadleaf Forests,Australasia,AU01,2,Nature Could Reach Half Protected
145,New Britain-New Ireland montane rain forests,1,Tropical & Subtropical Moist Broadleaf Forests,Australasia,AU01,2,Nature Could Reach Half Protected
164,New Caledonia dry forests,2,Tropical & Subtropical Dry Broadleaf Forests,Australasia,AU02,1,Half Protected
146,New Caledonia rain forests,1,Tropical & Subtropical Moist Broadleaf Forests,Australasia,AU01,1,Half Protected
338,New England-Acadian forests,4,Temperate Broadleaf & Mixed Forests,Nearctic,NE04,4,Nature Imperiled
217,New Guinea mangroves,14,Mangroves,Australasia,AU14,2,Nature Could Reach Half Protected
252,Nicobar Islands rain forests,1,Tropical & Subtropical Moist Broadleaf Forests,Indomalayan,IN01,1,Half Protected
22,Niger Delta swamp forests,1,Tropical & Subtropical Moist Broadleaf Forests,Afrotropic,AF01,4,Nature Imperiled
23,Nigerian lowland forests,1,Tropical & Subtropical Moist Broadleaf Forests,Afrotropic,AF01,4,Nature Imperiled
670,Nihonkai evergreen forests,4,Temperate Broadleaf & Mixed Forests,Palearctic,PA04,2,Nature Could Reach Half Protected
671,Nihonkai montane deciduous forests,4,Temperate Broadleaf & Mixed Forests,Palearctic,PA04,2,Nature Could Reach Half Protected
744,Nile Delta flooded savanna,9,Flooded Grasslands & Savannas,Palearctic,PA09,4,Nature Imperiled
147,Norfolk Island subtropical forests,1,Tropical & Subtropical Moist Broadleaf Forests,Australasia,AU01,3,Nature Could Recover
126,Northeast Antarctic Peninsula tundra,11,Tundra,Antarctica,AN11,1,Half Protected
127,Northwest Antarctic Peninsula tundra,11,Tundra,Antarctica,AN11,1,Half Protected
831,North Arabian desert,13,Deserts & Xeric Shrublands,Palearctic,PA13,2,Nature Could Reach Half Protected
832,North Arabian highland shrublands,13,Deserts & Xeric Shrublands,Palearctic,PA13,2,Nature Could Reach Half Protected
171,New Zealand North Island temperate forests,4,Temperate Broadleaf & Mixed Forests,Australasia,AU04,3,Nature Could Recover
833,North Saharan Xeric Steppe and Woodland,13,Deserts & Xeric Shrublands,Palearctic,PA13,2,Nature Could Reach Half Protected
106,Somali montane xeric woodlands,13,Deserts & Xeric Shrublands,Afrotropic,AF13,4,Nature Imperiled
759,North Tibetan Plateau-Kunlun Mountains alpine desert,10,Montane Grasslands & Shrublands,Palearctic,PA10,1,Half Protected
125,North Victoria Land tundra,11,Tundra,Antarctica,AN11,1,Half Protected
253,North Western Ghats moist deciduous forests,1,Tropical & Subtropical Moist Broadleaf Forests,Indomalayan,IN01,4,Nature Imperiled
254,North Western Ghats montane rain forests,1,Tropical & Subtropical Moist Broadleaf Forests,Indomalayan,IN01,3,Nature Could Recover
673,Northeast China Plain deciduous forests,4,Temperate Broadleaf & Mixed Forests,Palearctic,PA04,4,Nature Imperiled
304,Northeast India-Myanmar pine forests,3,Tropical & Subtropical Coniferous Forests,Indomalayan,IN03,2,Nature Could Reach Half Protected
775,Northeast Siberian coastal tundra,11,Tundra,Palearctic,PA11,2,Nature Could Reach Half Protected
714,Northeast Siberian taiga,6,Boreal Forests/Taiga,Palearctic,PA06,2,Nature Could Reach Half Protected
485,Northeast Brazil restingas,1,Tropical & Subtropical Moist Broadleaf Forests,Neotropic,NO01,1,Half Protected
24,Northeast Congolian lowland forests,1,Tropical & Subtropical Moist Broadleaf Forests,Afrotropic,AF01,2,Nature Could Reach Half Protected
702,Northeast Himalayan subalpine conifer forests,5,Temperate Conifer Forests,Palearctic,PA05,3,Nature Could Recover
799,Northeast Spain and Southern France Mediterranean forests,12,"Mediterranean Forests, Woodlands & Scrub",Palearctic,PA12,3,Nature Could Recover
339,Northeast US Coastal forests,4,Temperate Broadleaf & Mixed Forests,Nearctic,NE04,4,Nature Imperiled
51,Northern Acacia-Commiphora bushlands and thickets,7,"Tropical & Subtropical Grasslands, Savannas & Shrublands",Afrotropic,AF07,3,Nature Could Recover
703,Northern Anatolian conifer and deciduous forests,5,Temperate Conifer Forests,Palearctic,PA05,4,Nature Imperiled
593,Northern Andean páramo,10,Montane Grasslands & Shrublands,Neotropic,NO10,1,Half Protected
255,Northern Annamites rain forests,1,Tropical & Subtropical Moist Broadleaf Forests,Indomalayan,IN01,2,Nature Could Reach Half Protected
359,Northern California coastal forests,5,Temperate Conifer Forests,Nearctic,NE05,4,Nature Imperiled
379,Northern Canadian Shield taiga,6,Boreal Forests/Taiga,Nearctic,NE06,2,Nature Could Reach Half Protected
52,Northern Congolian Forest-Savanna,7,"Tropical & Subtropical Grasslands, Savannas & Shrublands",Afrotropic,AF07,3,Nature Could Recover
297,North Deccan dry deciduous forests,2,Tropical & Subtropical Dry Broadleaf Forests,Indomalayan,IN02,4,Nature Imperiled
256,Northern Indochina subtropical forests,1,Tropical & Subtropical Moist Broadleaf Forests,Indomalayan,IN01,3,Nature Could Recover
257,Northern Khorat Plateau moist deciduous forests,1,Tropical & Subtropical Moist Broadleaf Forests,Indomalayan,IN01,4,Nature Imperiled
614,Northern Mesoamerican Pacific mangroves,14,Mangroves,Neotropic,NO14,3,Nature Could Recover
148,Northern New Guinea lowland rain and freshwater swamp forests,1,Tropical & Subtropical Moist Broadleaf Forests,Australasia,AU01,2,Nature Could Reach Half Protected
149,Northern New Guinea montane rain forests,1,Tropical & Subtropical Moist Broadleaf Forests,Australasia,AU01,2,Nature Could Reach Half Protected
396,Northern Shortgrass prairie,8,"Temperate Grasslands, Savannas & Shrublands",Nearctic,NE08,3,Nature Could Recover
25,Northern Swahili coastal forests,1,Tropical & Subtropical Moist Broadleaf Forests,Afrotropic,AF01,4,Nature Imperiled
397,Northern Tallgrass prairie,8,"Temperate Grasslands, Savannas & Shrublands",Nearctic,NE08,4,Nature Imperiled
258,Northern Thailand-Laos moist deciduous forests,1,Tropical & Subtropical Moist Broadleaf Forests,Indomalayan,IN01,3,Nature Could Recover
259,Northern Triangle subtropical forests,1,Tropical & Subtropical Moist Broadleaf Forests,Indomalayan,IN01,2,Nature Could Reach Half Protected
307,Northern Triangle temperate forests,4,Temperate Broadleaf & Mixed Forests,Indomalayan,IN04,2,Nature Could Reach Half Protected
260,Northern Vietnam lowland rain forests,1,Tropical & Subtropical Moist Broadleaf Forests,Indomalayan,IN01,3,Nature Could Recover
173,Northland temperate kauri forests,4,Temperate Broadleaf & Mixed Forests,Australasia,AU04,3,Nature Could Recover
800,Northwest Iberian montane forests,12,"Mediterranean Forests, Woodlands & Scrub",Palearctic,PA12,3,Nature Could Recover
776,Northwest Russian-Novaya Zemlya tundra,11,Tundra,Palearctic,PA11,2,Nature Could Reach Half Protected
486,Northwest Andean montane forests,1,Tropical & Subtropical Moist Broadleaf Forests,Neotropic,NO01,2,Nature Could Reach Half Protected
26,Northwest Congolian lowland forests,1,Tropical & Subtropical Moist Broadleaf Forests,Afrotropic,AF01,2,Nature Could Reach Half Protected
641,Northwest Hawai'i scrub,7,"Tropical & Subtropical Grasslands, Savannas & Shrublands",Oceania,NO07,4,Nature Imperiled
760,Northwestern Himalayan alpine shrub and meadows,10,Montane Grasslands & Shrublands,Palearctic,PA10,3,Nature Could Recover
314,Aravalli west thorn scrub forests,13,Deserts & Xeric Shrublands,Indomalayan,IN13,4,Nature Imperiled
777,Novosibirsk Islands Arctic desert,11,Tundra,Palearctic,PA11,1,Half Protected
704,Nujiang Langcang Gorge alpine conifer and mixed forests,5,Temperate Conifer Forests,Palearctic,PA05,3,Nature Could Recover
212,Nullarbor Plains xeric shrublands,13,Deserts & Xeric Shrublands,Australasia,AU13,2,Nature Could Reach Half Protected
85,Nyanga-Chimanimani Montane forest-grassland,10,Montane Grasslands & Shrublands,Afrotropic,AF10,4,Nature Imperiled
487,Oaxacan montane forests,1,Tropical & Subtropical Moist Broadleaf Forests,Neotropic,NO01,2,Nature Could Reach Half Protected
626,Ogasawara subtropical moist forests,1,Tropical & Subtropical Moist Broadleaf Forests,Oceania,OC01,3,Nature Could Recover
419,Ogilvie-MacKenzie alpine tundra,11,Tundra,Nearctic,NE11,2,Nature Could Reach Half Protected
362,Okanogan dry forests,5,Temperate Conifer Forests,Nearctic,NE05,3,Nature Could Recover
715,Okhotsk-Manchurian taiga,6,Boreal Forests/Taiga,Palearctic,PA06,2,Nature Could Reach Half Protected
761,Ordos Plateau steppe,10,Montane Grasslands & Shrublands,Palearctic,PA10,4,Nature Imperiled
488,Orinoco Delta swamp forests,1,Tropical & Subtropical Moist Broadleaf Forests,Neotropic,NO01,1,Half Protected
583,Orinoco wetlands,9,Flooded Grasslands & Savannas,Neotropic,NO09,1,Half Protected
261,Orissa semi-evergreen forests,1,Tropical & Subtropical Moist Broadleaf Forests,Indomalayan,IN01,4,Nature Imperiled
340,Ozark Highlands mixed forests,4,Temperate Broadleaf & Mixed Forests,Nearctic,NE04,3,Nature Could Recover
341,Ozark Mountain forests,4,Temperate Broadleaf & Mixed Forests,Nearctic,NE04,3,Nature Could Recover
420,Pacific Coastal Mountain icefields and tundra,11,Tundra,Nearctic,NE11,1,Half Protected
627,Palau tropical moist forests,1,Tropical & Subtropical Moist Broadleaf Forests,Oceania,OC01,2,Nature Could Reach Half Protected
262,Palawan rain forests,1,Tropical & Subtropical Moist Broadleaf Forests,Indomalayan,IN01,1,Half Protected
398,Palouse prairie,8,"Temperate Grasslands, Savannas & Shrublands",Nearctic,NE08,3,Nature Could Recover
762,Pamir alpine desert and tundra,10,Montane Grasslands & Shrublands,Palearctic,PA10,3,Nature Could Recover
541,Panamanian dry forests,2,Tropical & Subtropical Dry Broadleaf Forests,Neotropic,NO02,4,Nature Imperiled
674,Pannonian mixed forests,4,Temperate Broadleaf & Mixed Forests,Palearctic,PA04,3,Nature Could Recover
584,Pantanal,9,Flooded Grasslands & Savannas,Neotropic,NO09,2,Nature Could Reach Half Protected
489,Pantanos de Centla,1,Tropical & Subtropical Moist Broadleaf Forests,Neotropic,NO01,3,Nature Could Recover
490,Pantepui forests & shrublands,1,Tropical & Subtropical Moist Broadleaf Forests,Neotropic,NO01,1,Half Protected
606,Paraguaná xeric scrub,13,Deserts & Xeric Shrublands,Neotropic,NO13,3,Nature Could Recover
585,Paraná flooded savanna,9,Flooded Grasslands & Savannas,Neotropic,NO09,1,Half Protected
834,Paropamisus xeric woodlands,13,Deserts & Xeric Shrublands,Palearctic,PA13,4,Nature Imperiled
578,Patagonian steppe,8,"Temperate Grasslands, Savannas & Shrublands",Neotropic,NO08,2,Nature Could Reach Half Protected
542,Patía valley dry forests,2,Tropical & Subtropical Dry Broadleaf Forests,Neotropic,NO02,4,Nature Imperiled
263,Peninsular Malaysian montane rain forests,1,Tropical & Subtropical Moist Broadleaf Forests,Indomalayan,IN01,2,Nature Could Reach Half Protected
264,Peninsular Malaysian peat swamp forests,1,Tropical & Subtropical Moist Broadleaf Forests,Indomalayan,IN01,2,Nature Could Reach Half Protected
265,Peninsular Malaysian rain forests,1,Tropical & Subtropical Moist Broadleaf Forests,Indomalayan,IN01,2,Nature Could Reach Half Protected
491,Pernambuco coastal forests,1,Tropical & Subtropical Moist Broadleaf Forests,Neotropic,NO01,3,Nature Could Recover
492,Pernambuco interior forests,1,Tropical & Subtropical Moist Broadleaf Forests,Neotropic,NO01,4,Nature Imperiled
493,Peruvian Yungas,1,Tropical & Subtropical Moist Broadleaf Forests,Neotropic,NO01,3,Nature Could Recover
494,Petén-Veracruz moist forests,1,Tropical & Subtropical Moist Broadleaf Forests,Neotropic,NO01,2,Nature Could Reach Half Protected
213,Pilbara shrublands,13,Deserts & Xeric Shrublands,Australasia,AU13,2,Nature Could Reach Half Protected
801,Pindus Mountains mixed forests,12,"Mediterranean Forests, Woodlands & Scrub",Palearctic,PA12,3,Nature Could Recover
363,Piney Woods,5,Temperate Conifer Forests,Nearctic,NE05,3,Nature Could Recover
675,Po Basin mixed forests,4,Temperate Broadleaf & Mixed Forests,Palearctic,PA04,4,Nature Imperiled
735,Pontic steppe,8,"Temperate Grasslands, Savannas & Shrublands",Palearctic,PA08,4,Nature Imperiled
128,Prince Charles Mountains tundra,11,Tundra,Antarctica,AN11,1,Half Protected
543,Puerto Rican dry forests,2,Tropical & Subtropical Dry Broadleaf Forests,Neotropic,NO02,3,Nature Could Recover
495,Puerto Rican moist forests,1,Tropical & Subtropical Moist Broadleaf Forests,Neotropic,NO01,2,Nature Could Reach Half Protected
364,Puget lowland forests,5,Temperate Conifer Forests,Nearctic,NE05,4,Nature Imperiled
497,Purus-Madeira moist forests,1,Tropical & Subtropical Moist Broadleaf Forests,Neotropic,NO01,1,Half Protected
496,Purus várzea,1,Tropical & Subtropical Moist Broadleaf Forests,Neotropic,NO01,2,Nature Could Reach Half Protected
676,Pyrenees conifer and mixed forests,4,Temperate Broadleaf & Mixed Forests,Palearctic,PA04,3,Nature Could Recover
835,Qaidam Basin semi-desert,13,Deserts & Xeric Shrublands,Palearctic,PA13,2,Nature Could Reach Half Protected
705,Qilian Mountains conifer forests,5,Temperate Conifer Forests,Palearctic,PA05,3,Nature Could Recover
763,Qilian Mountains subalpine meadows,10,Montane Grasslands & Shrublands,Palearctic,PA10,2,Nature Could Reach Half Protected
677,Qin Ling Mountains deciduous forests,4,Temperate Broadleaf & Mixed Forests,Palearctic,PA04,3,Nature Could Recover
706,Qionglai-Minshan conifer forests,5,Temperate Conifer Forests,Palearctic,PA05,3,Nature Could Recover
150,Queensland tropical rain forests,1,Tropical & Subtropical Moist Broadleaf Forests,Australasia,AU01,4,Nature Imperiled
174,Rakiura Island temperate forests,4,Temperate Broadleaf & Mixed Forests,Australasia,AU04,1,Half Protected
312,Rann of Kutch seasonal salt marsh,9,Flooded Grasslands & Savannas,Indomalayan,IN09,1,Half Protected
628,Rapa Nui and Sala y Gómez subtropical forests,1,Tropical & Subtropical Moist Broadleaf Forests,Oceania,OC01,4,Nature Imperiled
266,Red River freshwater swamp forests,1,Tropical & Subtropical Moist Broadleaf Forests,Indomalayan,IN01,4,Nature Imperiled
837,Red Sea-Arabian Desert shrublands,13,Deserts & Xeric Shrublands,Palearctic,PA13,2,Nature Could Reach Half Protected
836,Red Sea coastal desert,13,Deserts & Xeric Shrublands,Palearctic,PA13,2,Nature Could Reach Half Protected
115,Red Sea mangroves,14,Mangroves,Afrotropic,AF14,2,Nature Could Reach Half Protected
838,Registan-North Pakistan sandy desert,13,Deserts & Xeric Shrublands,Palearctic,PA13,3,Nature Could Recover
90,Renosterveld shrubland,12,"Mediterranean Forests, Woodlands & Scrub",Afrotropic,AF12,3,Nature Could Recover
175,Richmond temperate forests,4,Temperate Broadleaf & Mixed Forests,Australasia,AU04,2,Nature Could Reach Half Protected
498,Rio Negro campinarana,1,Tropical & Subtropical Moist Broadleaf Forests,Neotropic,NO01,1,Half Protected
678,Rodope montane mixed forests,4,Temperate Broadleaf & Mixed Forests,Palearctic,PA04,1,Half Protected
86,Rwenzori-Virunga montane moorlands,10,Montane Grasslands & Shrublands,Afrotropic,AF10,1,Half Protected
745,Saharan halophytics,9,Flooded Grasslands & Savannas,Palearctic,PA09,2,Nature Could Reach Half Protected
53,Sahelian Acacia savanna,7,"Tropical & Subtropical Grasslands, Savannas & Shrublands",Afrotropic,AF07,3,Nature Could Recover
716,Sakhalin Island taiga,6,Boreal Forests/Taiga,Palearctic,PA06,2,Nature Could Reach Half Protected
629,Samoan tropical moist forests,1,Tropical & Subtropical Moist Broadleaf Forests,Oceania,OC01,2,Nature Could Reach Half Protected
562,San Félix-San Ambrosio Islands temperate forests,4,Temperate Broadleaf & Mixed Forests,Neotropic,NO04,1,Half Protected
607,San Lucan xeric scrub,13,Deserts & Xeric Shrublands,Neotropic,NO13,3,Nature Could Recover
425,Santa Lucia Montane Chaparral & Woodlands,12,"Mediterranean Forests, Woodlands & Scrub",Nearctic,NE12,3,Nature Could Recover
499,Santa Marta montane forests,1,Tropical & Subtropical Moist Broadleaf Forests,Neotropic,NO01,2,Nature Could Reach Half Protected
594,Santa Marta páramo,10,Montane Grasslands & Shrublands,Neotropic,NO10,1,Half Protected
27,"São Tomé, Príncipe, and Annobón forests",1,Tropical & Subtropical Moist Broadleaf Forests,Afrotropic,AF01,3,Nature Could Recover
679,Sarmatic mixed forests,4,Temperate Broadleaf & Mixed Forests,Palearctic,PA04,3,Nature Could Recover
764,Sayan alpine meadows and tundra,10,Montane Grasslands & Shrublands,Palearctic,PA10,2,Nature Could Reach Half Protected
736,Sayan Intermontane steppe,8,"Temperate Grasslands, Savannas & Shrublands",Palearctic,PA08,2,Nature Could Reach Half Protected
707,Sayan montane conifer forests,5,Temperate Conifer Forests,Palearctic,PA05,2,Nature Could Reach Half Protected
717,Scandinavian and Russian taiga,6,Boreal Forests/Taiga,Palearctic,PA06,3,Nature Could Recover
708,Scandinavian coastal conifer forests,5,Temperate Conifer Forests,Palearctic,PA05,3,Nature Could Recover
780,Scandinavian Montane Birch forest and grasslands,11,Tundra,Palearctic,PA11,2,Nature Could Reach Half Protected
129,Scotia Sea Islands tundra,11,Tundra,Antarctica,AN11,1,Half Protected
608,Sechura desert,13,Deserts & Xeric Shrublands,Neotropic,NO13,3,Nature Could Recover
737,Selenge-Orkhon forest steppe,8,"Temperate Grasslands, Savannas & Shrublands",Palearctic,PA08,2,Nature Could Reach Half Protected
151,Seram rain forests,1,Tropical & Subtropical Moist Broadleaf Forests,Australasia,AU01,2,Nature Could Reach Half Protected
54,Serengeti volcanic grasslands,7,"Tropical & Subtropical Grasslands, Savannas & Shrublands",Afrotropic,AF07,1,Half Protected
500,Serra do Mar coastal forests,1,Tropical & Subtropical Moist Broadleaf Forests,Neotropic,NO01,2,Nature Could Reach Half Protected
680,Sichuan Basin evergreen broadleaf forests,4,Temperate Broadleaf & Mixed Forests,Palearctic,PA04,4,Nature Imperiled
544,Sierra de la Laguna dry forests,2,Tropical & Subtropical Dry Broadleaf Forests,Neotropic,NO02,3,Nature Could Recover
556,Sierra de la Laguna pine-oak forests,3,Tropical & Subtropical Coniferous Forests,Neotropic,NO03,1,Half Protected
501,Sierra de los Tuxtlas,1,Tropical & Subtropical Moist Broadleaf Forests,Neotropic,NO01,2,Nature Could Reach Half Protected
502,Sierra Madre de Chiapas moist forests,1,Tropical & Subtropical Moist Broadleaf Forests,Neotropic,NO01,2,Nature Could Reach Half Protected
557,Sierra Madre de Oaxaca pine-oak forests,3,Tropical & Subtropical Coniferous Forests,Neotropic,NO03,2,Nature Could Reach Half Protected
558,Sierra Madre del Sur pine-oak forests,3,Tropical & Subtropical Coniferous Forests,Neotropic,NO03,3,Nature Could Recover
326,Sierra Madre Occidental pine-oak forests,3,Tropical & Subtropical Coniferous Forests,Nearctic,NE03,3,Nature Could Recover
327,Sierra Madre Oriental pine-oak forests,3,Tropical & Subtropical Coniferous Forests,Nearctic,NE03,3,Nature Could Recover
366,Sierra Nevada forests,5,Temperate Conifer Forests,Nearctic,NE05,2,Nature Could Reach Half Protected
214,Simpson desert,13,Deserts & Xeric Shrublands,Australasia,AU13,2,Nature Could Reach Half Protected
545,Sinaloan dry forests,2,Tropical & Subtropical Dry Broadleaf Forests,Neotropic,NO02,3,Nature Could Recover
546,Sinú Valley dry forests,2,Tropical & Subtropical Dry Broadleaf Forests,Neotropic,NO02,3,Nature Could Recover
434,Snake-Columbia shrub steppe,13,Deserts & Xeric Shrublands,Nearctic,NE13,2,Nature Could Reach Half Protected
630,Society Islands tropical moist forests,1,Tropical & Subtropical Moist Broadleaf Forests,Oceania,OC01,2,Nature Could Reach Half Protected
105,Socotra Island xeric shrublands,13,Deserts & Xeric Shrublands,Afrotropic,AF07,4,Nature Imperiled
503,Solimões-Japurá moist forests,1,Tropical & Subtropical Moist Broadleaf Forests,Neotropic,NO01,2,Nature Could Reach Half Protected
152,Solomon Islands rain forests,1,Tropical & Subtropical Moist Broadleaf Forests,Australasia,AU01,2,Nature Could Reach Half Protected
55,Somali Acacia-Commiphora bushlands and thickets,7,"Tropical & Subtropical Grasslands, Savannas & Shrublands",Afrotropic,AF07,4,Nature Imperiled
324,Sonoran-Sinaloan subtropical dry forest,2,Tropical & Subtropical Dry Broadleaf Forests,Nearctic,NE02,4,Nature Imperiled
435,Sonoran desert,13,Deserts & Xeric Shrublands,Nearctic,NE13,2,Nature Could Reach Half Protected
615,South American Pacific mangroves,14,Mangroves,Neotropic,NO14,2,Nature Could Reach Half Protected
130,South Antarctic Peninsula tundra,11,Tundra,Antarctica,AN11,1,Half Protected
802,South Apennine mixed montane forests,12,"Mediterranean Forests, Woodlands & Scrub",Palearctic,PA12,3,Nature Could Recover
367,South Central Rockies forests,5,Temperate Conifer Forests,Nearctic,NE05,3,Nature Could Recover
268,South China-Vietnam subtropical evergreen forests,1,Tropical & Subtropical Moist Broadleaf Forests,Indomalayan,IN01,4,Nature Imperiled
267,South China Sea Islands,1,Tropical & Subtropical Moist Broadleaf Forests,Indomalayan,IN01,3,Nature Could Recover
298,South Deccan Plateau dry deciduous forests,2,Tropical & Subtropical Dry Broadleaf Forests,Indomalayan,IN02,4,Nature Imperiled
841,South Iran Nubo-Sindian desert and semi-desert,13,Deserts & Xeric Shrublands,Palearctic,PA13,3,Nature Could Recover
194,New Zealand South Island montane grasslands,10,Montane Grasslands & Shrublands,Australasia,AU10,3,Nature Could Recover
172,New Zealand South Island temperate forests,4,Temperate Broadleaf & Mixed Forests,Australasia,AU04,3,Nature Could Recover
131,South Orkney Islands tundra,11,Tundra,Antarctica,AN11,1,Half Protected
842,South Sahara desert,13,Deserts & Xeric Shrublands,Palearctic,PA13,2,Nature Could Reach Half Protected
738,South Siberian forest steppe,8,"Temperate Grasslands, Savannas & Shrublands",Palearctic,PA08,3,Nature Could Recover
269,South Taiwan monsoon rain forests,1,Tropical & Subtropical Moist Broadleaf Forests,Indomalayan,IN01,2,Nature Could Reach Half Protected
132,South Victoria Land tundra,11,Tundra,Antarctica,AN11,1,Half Protected
270,South Western Ghats moist deciduous forests,1,Tropical & Subtropical Moist Broadleaf Forests,Indomalayan,IN01,3,Nature Could Recover
271,South Western Ghats montane rain forests,1,Tropical & Subtropical Moist Broadleaf Forests,Indomalayan,IN01,2,Nature Could Reach Half Protected
176,Southeast Australia temperate forests,4,Temperate Broadleaf & Mixed Forests,Australasia,AU04,4,Nature Imperiled
192,Southeast Australia temperate savanna,8,"Temperate Grasslands, Savannas & Shrublands",Australasia,AU08,2,Nature Could Reach Half Protected
765,Southeast Tibet shrublands and meadows,10,Montane Grasslands & Shrublands,Palearctic,PA10,3,Nature Could Recover
400,Southeast US mixed woodlands and savannas,8,"Temperate Grasslands, Savannas & Shrublands",Nearctic,NE08,4,Nature Imperiled
399,Southeast US conifer savannas,8,"Temperate Grasslands, Savannas & Shrublands",Nearctic,NE08,4,Nature Imperiled
803,Southeast Iberian shrubs and woodlands,12,"Mediterranean Forests, Woodlands & Scrub",Palearctic,PA12,3,Nature Could Recover
299,Southeast Indochina dry evergreen forests,2,Tropical & Subtropical Dry Broadleaf Forests,Indomalayan,IN02,3,Nature Could Recover
153,Southeast Papuan rain forests,1,Tropical & Subtropical Moist Broadleaf Forests,Australasia,AU01,2,Nature Could Reach Half Protected
57,Southern Acacia-Commiphora bushlands and thickets,7,"Tropical & Subtropical Grasslands, Savannas & Shrublands",Afrotropic,AF07,3,Nature Could Recover
116,Southern Africa mangroves,14,Mangroves,Afrotropic,AF14,3,Nature Could Recover
804,Southern Anatolian montane conifer and deciduous forests,12,"Mediterranean Forests, Woodlands & Scrub",Palearctic,PA12,4,Nature Imperiled
595,Southern Andean steppe,10,Montane Grasslands & Shrublands,Neotropic,NO10,2,Nature Could Reach Half Protected
504,Southern Andean Yungas,1,Tropical & Subtropical Moist Broadleaf Forests,Neotropic,NO01,2,Nature Could Reach Half Protected
272,Southern Annamites montane rain forests,1,Tropical & Subtropical Moist Broadleaf Forests,Indomalayan,IN01,2,Nature Could Reach Half Protected
616,Southern Atlantic Brazilian mangroves,14,Mangroves,Neotropic,NO14,2,Nature Could Reach Half Protected
586,Southern Cone Mesopotamian savanna,9,Flooded Grasslands & Savannas,Neotropic,NO09,3,Nature Could Recover
58,Southern Congolian forest-savanna,7,"Tropical & Subtropical Grasslands, Savannas & Shrublands",Afrotropic,AF07,4,Nature Imperiled
342,Southern Great Lakes forests,4,Temperate Broadleaf & Mixed Forests,Nearctic,NE04,4,Nature Imperiled
382,Southern Hudson Bay taiga,6,Boreal Forests/Taiga,Nearctic,NE06,2,Nature Could Reach Half Protected
133,Southern Indian Ocean Islands tundra,11,Tundra,Antarctica,AN11,1,Half Protected
681,Southern Korea evergreen forests,4,Temperate Broadleaf & Mixed Forests,Palearctic,PA04,4,Nature Imperiled
617,Southern Mesoamerican Pacific mangroves,14,Mangroves,Neotropic,NO14,1,Half Protected
154,Southern New Guinea freshwater swamp forests,1,Tropical & Subtropical Moist Broadleaf Forests,Australasia,AU01,2,Nature Could Reach Half Protected
155,Southern New Guinea lowland rain forests,1,Tropical & Subtropical Moist Broadleaf Forests,Australasia,AU01,2,Nature Could Reach Half Protected
547,Southern Pacific dry forests,2,Tropical & Subtropical Dry Broadleaf Forests,Neotropic,NO02,4,Nature Imperiled
87,Southern Rift Montane forest-grassland,10,Montane Grasslands & Shrublands,Afrotropic,AF10,4,Nature Imperiled
28,Southern Swahili coastal forests and woodlands,1,Tropical & Subtropical Moist Broadleaf Forests,Afrotropic,AF01,4,Nature Imperiled
300,Southern Vietnam lowland dry forests,2,Tropical & Subtropical Dry Broadleaf Forests,Indomalayan,IN02,3,Nature Could Recover
505,Southwest Amazon moist forests,1,Tropical & Subtropical Moist Broadleaf Forests,Neotropic,NO01,2,Nature Could Reach Half Protected
108,Southwest Arabian Escarpment shrublands and woodlands,13,Deserts & Xeric Shrublands,Afrotropic,AF13,3,Nature Could Recover
109,Southwest Arabian highland xeric scrub,13,Deserts & Xeric Shrublands,Afrotropic,AF13,4,Nature Imperiled
205,Southwest Australia savanna,12,"Mediterranean Forests, Woodlands & Scrub",Australasia,AU12,3,Nature Could Recover
206,Southwest Australia woodlands,12,"Mediterranean Forests, Woodlands & Scrub",Australasia,AU12,3,Nature Could Recover
273,Southwest Borneo freshwater swamp forests,1,Tropical & Subtropical Moist Broadleaf Forests,Indomalayan,IN01,2,Nature Could Reach Half Protected
805,Southwest Iberian Mediterranean sclerophyllous and mixed forests,12,"Mediterranean Forests, Woodlands & Scrub",Palearctic,PA12,3,Nature Could Recover
301,Sri Lanka dry-zone dry evergreen forests,2,Tropical & Subtropical Dry Broadleaf Forests,Indomalayan,IN02,2,Nature Could Reach Half Protected
274,Sri Lanka lowland rain forests,1,Tropical & Subtropical Moist Broadleaf Forests,Indomalayan,IN01,2,Nature Could Reach Half Protected
275,Sri Lanka montane rain forests,1,Tropical & Subtropical Moist Broadleaf Forests,Indomalayan,IN01,2,Nature Could Reach Half Protected
609,St. Peter and St. Paul Rocks,13,Deserts & Xeric Shrublands,Neotropic,NO13,4,Nature Imperiled
110,Succulent Karoo xeric shrublands,13,Deserts & Xeric Shrublands,Afrotropic,AF13,2,Nature Could Reach Half Protected
74,Sudd flooded grasslands,9,Flooded Grasslands & Savannas,Afrotropic,AF09,3,Nature Could Recover
746,Suiphun-Khanka meadows and forest meadows,9,Flooded Grasslands & Savannas,Palearctic,PA09,3,Nature Could Recover
766,Sulaiman Range alpine meadows,10,Montane Grasslands & Shrublands,Palearctic,PA10,4,Nature Imperiled
157,Sulawesi montane rain forests,1,Tropical & Subtropical Moist Broadleaf Forests,Australasia,AU01,2,Nature Could Reach Half Protected
276,Sulu Archipelago rain forests,1,Tropical & Subtropical Moist Broadleaf Forests,Indomalayan,IN01,2,Nature Could Reach Half Protected
277,Sumatran freshwater swamp forests,1,Tropical & Subtropical Moist Broadleaf Forests,Indomalayan,IN01,3,Nature Could Recover
278,Sumatran lowland rain forests,1,Tropical & Subtropical Moist Broadleaf Forests,Indomalayan,IN01,2,Nature Could Reach Half Protected
279,Sumatran montane rain forests,1,Tropical & Subtropical Moist Broadleaf Forests,Indomalayan,IN01,2,Nature Could Reach Half Protected
280,Sumatran peat swamp forests,1,Tropical & Subtropical Moist Broadleaf Forests,Indomalayan,IN01,3,Nature Could Recover
305,Sumatran tropical pine forests,3,Tropical & Subtropical Coniferous Forests,Indomalayan,IN03,2,Nature Could Reach Half Protected
165,Sumba deciduous forests,2,Tropical & Subtropical Dry Broadleaf Forests,Australasia,AU02,3,Nature Could Recover
322,Sunda Shelf mangroves,14,Mangroves,Indomalayan,IN14,2,Nature Could Reach Half Protected
281,Sundaland heath forests,1,Tropical & Subtropical Moist Broadleaf Forests,Indomalayan,IN01,3,Nature Could Recover
282,Sundarbans freshwater swamp forests,1,Tropical & Subtropical Moist Broadleaf Forests,Indomalayan,IN01,4,Nature Imperiled
323,Sundarbans mangroves,14,Mangroves,Indomalayan,IN14,3,Nature Could Recover
739,Syrian xeric grasslands and shrublands,8,"Temperate Grasslands, Savannas & Shrublands",Palearctic,PA08,4,Nature Imperiled
682,Taiheiyo evergreen forests,4,Temperate Broadleaf & Mixed Forests,Palearctic,PA04,2,Nature Could Reach Half Protected
683,Taiheiyo montane deciduous forests,4,Temperate Broadleaf & Mixed Forests,Palearctic,PA04,2,Nature Could Reach Half Protected
781,Taimyr-Central Siberian tundra,11,Tundra,Palearctic,PA11,2,Nature Could Reach Half Protected
283,Taiwan subtropical evergreen forests,1,Tropical & Subtropical Moist Broadleaf Forests,Indomalayan,IN01,2,Nature Could Reach Half Protected
843,Taklimakan desert,13,Deserts & Xeric Shrublands,Palearctic,PA13,3,Nature Could Recover
506,Talamancan montane forests,1,Tropical & Subtropical Moist Broadleaf Forests,Neotropic,NO01,1,Half Protected
436,Tamaulipan matorral,13,Deserts & Xeric Shrublands,Nearctic,NE13,4,Nature Imperiled
437,Tamaulipan mezquital,13,Deserts & Xeric Shrublands,Nearctic,NE13,3,Nature Could Recover
507,Tapajós-Xingu moist forests,1,Tropical & Subtropical Moist Broadleaf Forests,Neotropic,NO01,1,Half Protected
684,Tarim Basin deciduous forests and steppe,4,Temperate Broadleaf & Mixed Forests,Palearctic,PA04,4,Nature Imperiled
177,Tasmanian Central Highland forests,4,Temperate Broadleaf & Mixed Forests,Australasia,AU04,2,Nature Could Reach Half Protected
178,Tasmanian temperate forests,4,Temperate Broadleaf & Mixed Forests,Australasia,AU04,3,Nature Could Recover
179,Tasmanian temperate rain forests,4,Temperate Broadleaf & Mixed Forests,Australasia,AU04,1,Half Protected
610,Tehuacán Valley matorral,13,Deserts & Xeric Shrublands,Neotropic,NO13,4,Nature Imperiled
284,Tenasserim-South Thailand semi-evergreen rain forests,1,Tropical & Subtropical Moist Broadleaf Forests,Indomalayan,IN01,2,Nature Could Reach Half Protected
311,Terai-Duar savanna and grasslands,7,"Tropical & Subtropical Grasslands, Savannas & Shrublands",Indomalayan,IN07,4,Nature Imperiled
401,Texas blackland prairies,8,"Temperate Grasslands, Savannas & Shrublands",Nearctic,NE08,4,Nature Imperiled
318,Thar desert,13,Deserts & Xeric Shrublands,Indomalayan,IN13,4,Nature Imperiled
740,Tian Shan foothill arid steppe,8,"Temperate Grasslands, Savannas & Shrublands",Palearctic,PA08,3,Nature Could Recover
709,Tian Shan montane conifer forests,5,Temperate Conifer Forests,Palearctic,PA05,4,Nature Imperiled
767,Tian Shan montane steppe and meadows,10,Montane Grasslands & Shrublands,Palearctic,PA10,2,Nature Could Reach Half Protected
844,Tibesti-Jebel Uweinat montane xeric woodlands,13,Deserts & Xeric Shrublands,Palearctic,PA13,2,Nature Could Reach Half Protected
768,Tibetan Plateau alpine shrublands and meadows,10,Montane Grasslands & Shrublands,Palearctic,PA10,1,Half Protected
747,Tigris-Euphrates alluvial salt marsh,9,Flooded Grasslands & Savannas,Palearctic,PA09,4,Nature Imperiled
166,Timor and Wetar deciduous forests,2,Tropical & Subtropical Dry Broadleaf Forests,Australasia,AU02,3,Nature Could Recover
215,Tirari-Sturt stony desert,13,Deserts & Xeric Shrublands,Australasia,AU13,2,Nature Could Reach Half Protected
631,Tongan tropical moist forests,1,Tropical & Subtropical Moist Broadleaf Forests,Oceania,OC01,4,Nature Imperiled
286,Tonle Sap-Mekong peat swamp forests,1,Tropical & Subtropical Moist Broadleaf Forests,Indomalayan,IN01,4,Nature Imperiled
285,Tonle Sap freshwater swamp forests,1,Tropical & Subtropical Moist Broadleaf Forests,Indomalayan,IN01,4,Nature Imperiled
421,Torngat Mountain tundra,11,Tundra,Nearctic,NE11,2,Nature Could Reach Half Protected
782,Trans-Baikal Bald Mountain tundra,11,Tundra,Palearctic,PA11,2,Nature Could Reach Half Protected
718,Trans-Baikal conifer forests,6,Boreal Forests/Taiga,Palearctic,PA06,2,Nature Could Reach Half Protected
559,Trans-Mexican Volcanic Belt pine-oak forests,3,Tropical & Subtropical Coniferous Forests,Neotropic,NO03,3,Nature Could Recover
188,Trans Fly savanna and grasslands,7,"Tropical & Subtropical Grasslands, Savannas & Shrublands",Australasia,AU07,2,Nature Could Reach Half Protected
134,Transantarctic Mountains tundra,11,Tundra,Antarctica,AN11,1,Half Protected
510,Trinidad and Tobago moist forest,1,Tropical & Subtropical Moist Broadleaf Forests,Neotropic,NO01,2,Nature Could Reach Half Protected
68,Tristan Da Cunha-Gough Islands shrub and grasslands,8,"Temperate Grasslands, Savannas & Shrublands",Afrotropic,AF08,4,Nature Imperiled
158,Trobriand Islands rain forests,1,Tropical & Subtropical Moist Broadleaf Forests,Australasia,AU01,2,Nature Could Reach Half Protected
632,Tuamotu tropical moist forests,1,Tropical & Subtropical Moist Broadleaf Forests,Oceania,OC01,4,Nature Imperiled
633,Tubuai tropical moist forests,1,Tropical & Subtropical Moist Broadleaf Forests,Oceania,OC01,4,Nature Imperiled
549,Tumbes-Piura dry forests,2,Tropical & Subtropical Dry Broadleaf Forests,Neotropic,NO02,4,Nature Imperiled
806,Tyrrhenian-Adriatic sclerophyllous and mixed forests,12,"Mediterranean Forests, Woodlands & Scrub",Palearctic,PA12,3,Nature Could Recover
511,Uatumã-Trombetas moist forests,1,Tropical & Subtropical Moist Broadleaf Forests,Neotropic,NO01,2,Nature Could Reach Half Protected
512,Ucayali moist forests,1,Tropical & Subtropical Moist Broadleaf Forests,Neotropic,NO01,1,Half Protected
287,Upper Gangetic Plains moist deciduous forests,1,Tropical & Subtropical Moist Broadleaf Forests,Indomalayan,IN01,4,Nature Imperiled
343,Upper Midwest US forest-savanna transition,4,Temperate Broadleaf & Mixed Forests,Nearctic,NE04,3,Nature Could Recover
719,Urals montane forest and taiga,6,Boreal Forests/Taiga,Palearctic,PA06,3,Nature Could Recover
574,Uruguayan savanna,7,"Tropical & Subtropical Grasslands, Savannas & Shrublands",Neotropic,NO07,3,Nature Could Recover
685,Ussuri broadleaf and mixed forests,4,Temperate Broadleaf & Mixed Forests,Palearctic,PA04,2,Nature Could Reach Half Protected
563,Valdivian temperate forests,4,Temperate Broadleaf & Mixed Forests,Neotropic,NO04,2,Nature Could Reach Half Protected
159,Vanuatu rain forests,1,Tropical & Subtropical Moist Broadleaf Forests,Australasia,AU01,2,Nature Could Reach Half Protected
513,Venezuelan Andes montane forests,1,Tropical & Subtropical Moist Broadleaf Forests,Neotropic,NO01,1,Half Protected
550,Veracruz dry forests,2,Tropical & Subtropical Dry Broadleaf Forests,Neotropic,NO02,4,Nature Imperiled
514,Veracruz moist forests,1,Tropical & Subtropical Moist Broadleaf Forests,Neotropic,NO01,3,Nature Could Recover
515,Veracruz montane forests,1,Tropical & Subtropical Moist Broadleaf Forests,Neotropic,NO01,2,Nature Could Reach Half Protected
189,Victoria Plains tropical savanna,7,"Tropical & Subtropical Grasslands, Savannas & Shrublands",Australasia,AU07,2,Nature Could Reach Half Protected
161,Vogelkop-Aru lowland rain forests,1,Tropical & Subtropical Moist Broadleaf Forests,Australasia,AU01,2,Nature Could Reach Half Protected
160,Vogelkop montane rain forests,1,Tropical & Subtropical Moist Broadleaf Forests,Australasia,AU01,1,Half Protected
368,Wasatch and Uinta montane forests,5,Temperate Conifer Forests,Nearctic,NE05,3,Nature Could Recover
383,Watson Highlands taiga,6,Boreal Forests/Taiga,Nearctic,NE06,2,Nature Could Reach Half Protected
845,West Sahara desert,13,Deserts & Xeric Shrublands,Palearctic,PA13,2,Nature Could Reach Half Protected
846,West Saharan montane xeric woodlands,13,Deserts & Xeric Shrublands,Palearctic,PA13,2,Nature Could Reach Half Protected
720,West Siberian taiga,6,Boreal Forests/Taiga,Palearctic,PA06,2,Nature Could Reach Half Protected
62,West Sudanian savanna,7,"Tropical & Subtropical Grasslands, Savannas & Shrublands",Afrotropic,AF07,4,Nature Imperiled
216,Western Australian Mulga shrublands,13,Deserts & Xeric Shrublands,Australasia,AU13,2,Nature Could Reach Half Protected
29,Western Congolian swamp forests,1,Tropical & Subtropical Moist Broadleaf Forests,Afrotropic,AF01,2,Nature Could Reach Half Protected
516,Western Ecuador moist forests,1,Tropical & Subtropical Moist Broadleaf Forests,Neotropic,NO01,2,Nature Could Reach Half Protected
686,Western European broadleaf forests,4,Temperate Broadleaf & Mixed Forests,Palearctic,PA04,3,Nature Could Recover
344,Western Great Lakes forests,4,Temperate Broadleaf & Mixed Forests,Nearctic,NE04,2,Nature Could Reach Half Protected
30,Western Guinean lowland forests,1,Tropical & Subtropical Moist Broadleaf Forests,Afrotropic,AF01,4,Nature Imperiled
384,Western Gulf coastal grasslands,7,"Tropical & Subtropical Grasslands, Savannas & Shrublands",Nearctic,NE07,4,Nature Imperiled
769,Western Himalayan alpine shrub and meadows,10,Montane Grasslands & Shrublands,Palearctic,PA10,2,Nature Could Reach Half Protected
308,Western Himalayan broadleaf forests,4,Temperate Broadleaf & Mixed Forests,Indomalayan,IN04,3,Nature Could Recover
310,Western Himalayan subalpine conifer forests,5,Temperate Conifer Forests,Indomalayan,IN05,4,Nature Imperiled
288,Western Java montane rain forests,1,Tropical & Subtropical Moist Broadleaf Forests,Indomalayan,IN01,2,Nature Could Reach Half Protected
289,Western Java rain forests,1,Tropical & Subtropical Moist Broadleaf Forests,Indomalayan,IN01,3,Nature Could Recover
634,Western Polynesian tropical moist forests,1,Tropical & Subtropical Moist Broadleaf Forests,Oceania,OC01,3,Nature Could Recover
402,Western shortgrass prairie,8,"Temperate Grasslands, Savannas & Shrublands",Nearctic,NE08,2,Nature Could Reach Half Protected
687,Western Siberian hemiboreal forests,4,Temperate Broadleaf & Mixed Forests,Palearctic,PA04,3,Nature Could Recover
180,Westland temperate forests,4,Temperate Broadleaf & Mixed Forests,Australasia,AU04,1,Half Protected
403,Willamette Valley oak savanna,8,"Temperate Grasslands, Savannas & Shrublands",Nearctic,NE08,4,Nature Imperiled
517,Windward Islands moist forests,1,Tropical & Subtropical Moist Broadleaf Forests,Neotropic,NO01,2,Nature Could Reach Half Protected
783,Wrangel Island Arctic desert,11,Tundra,Palearctic,PA11,1,Half Protected
438,Wyoming Basin shrub steppe,13,Deserts & Xeric Shrublands,Nearctic,NE13,2,Nature Could Reach Half Protected
518,Xingu-Tocantins-Araguaia moist forests,1,Tropical & Subtropical Moist Broadleaf Forests,Neotropic,NO01,2,Nature Could Reach Half Protected
784,Yamal-Gydan tundra,11,Tundra,Palearctic,PA11,2,Nature Could Reach Half Protected
638,Yap tropical dry forests,2,Tropical & Subtropical Dry Broadleaf Forests,Oceania,NO02,3,Nature Could Recover
162,Yapen rain forests,1,Tropical & Subtropical Moist Broadleaf Forests,Australasia,AU01,2,Nature Could Reach Half Protected
770,Yarlung Zanbo arid steppe,10,Montane Grasslands & Shrublands,Palearctic,PA10,3,Nature Could Recover
748,Yellow Sea saline meadow,9,Flooded Grasslands & Savannas,Palearctic,PA09,3,Nature Could Recover
551,Yucatán dry forests,2,Tropical & Subtropical Dry Broadleaf Forests,Neotropic,NO02,2,Nature Could Reach Half Protected
519,Yucatán moist forests,1,Tropical & Subtropical Moist Broadleaf Forests,Neotropic,NO01,2,Nature Could Reach Half Protected
643,Yunnan Plateau subtropical evergreen forests,1,Tropical & Subtropical Moist Broadleaf Forests,Palearctic,PA01,4,Nature Imperiled
688,Zagros Mountains forest steppe,4,Temperate Broadleaf & Mixed Forests,Palearctic,PA04,4,Nature Imperiled
66,Zambezian-Limpopo mixed woodlands,7,"Tropical & Subtropical Grasslands, Savannas & Shrublands",Afrotropic,AF07,3,Nature Could Recover
64,Zambezian Baikiaea woodlands,7,"Tropical & Subtropical Grasslands, Savannas & Shrublands",Afrotropic,AF07,2,Nature Could Reach Half Protected
75,Zambezian coastal flooded savanna,9,Flooded Grasslands & Savannas,Afrotropic,AF09,3,Nature Could Recover
42,Dry miombo woodlands,7,"Tropical & Subtropical Grasslands, Savannas & Shrublands",Afrotropic,AF07,3,Nature Could Recover
33,Zambezian evergreen dry forests,2,Tropical & Subtropical Dry Broadleaf Forests,Afrotropic,AF02,4,Nature Imperiled
76,Zambezian flooded grasslands,9,Flooded Grasslands & Savannas,Afrotropic,AF09,1,Half Protected
65,Zambezian mopane woodlands,7,"Tropical & Subtropical Grasslands, Savannas & Shrublands",Afrotropic,AF07,2,Nature Could Reach Half Protected
524,Brazilian Atlantic dry forests,2,Tropical & Subtropical Dry Broadleaf Forests,Neotropic,NO02,4,Nature Imperiled
380,Northern Cordillera forests,6,Boreal Forests/Taiga,Nearctic,NE06,2,Nature Could Reach Half Protected
60,St. Helena scrub and woodlands,7,"Tropical & Subtropical Grasslands, Savannas & Shrublands",Afrotropic,AF07,4,Nature Imperiled
61,Victoria Basin forest-savanna,7,"Tropical & Subtropical Grasslands, Savannas & Shrublands",Afrotropic,AF07,4,Nature Imperiled
63,Western Congolian forest-savanna,7,"Tropical & Subtropical Grasslands, Savannas & Shrublands",Afrotropic,AF07,4,Nature Imperiled
78,East African montane moorlands,10,Montane Grasslands & Shrublands,Afrotropic,AF10,1,Half Protected
365,Queen Charlotte Islands conifer forests,5,Temperate Conifer Forests,Nearctic,NE05,1,Half Protected
360,Northern Pacific Alaskan coastal forests,5,Temperate Conifer Forests,Nearctic,NE05,1,Half Protected
381,Northwest Territories taiga,6,Boreal Forests/Taiga,Nearctic,NE06,2,Nature Could Reach Half Protected
107,Southwest Arabian coastal xeric shrublands,13,Deserts & Xeric Shrublands,Afrotropic,AF13,4,Nature Imperiled
811,Arabian-Persian Gulf coastal plain desert,13,Deserts & Xeric Shrublands,Palearctic,PA13,2,Nature Could Reach Half Protected
840,South Arabian plains and plateau desert,13,Deserts & Xeric Shrublands,Palearctic,PA13,2,Nature Could Reach Half Protected
809,Arabian desert,13,Deserts & Xeric Shrublands,Palearctic,PA13,2,Nature Could Reach Half Protected
552,Bahamian pineyards,3,Tropical & Subtropical Coniferous Forests,Neotropic,NO03,3,Nature Could Recover
96,Ile Europa and Bassas da India xeric scrub,13,Deserts & Xeric Shrublands,Afrotropic,AF13,4,Nature Imperiled
773,Kamchatka tundra,11,Tundra,Palearctic,PA11,2,Nature Could Reach Half Protected
508,Tocantins/Pindare moist forests,1,Tropical & Subtropical Moist Broadleaf Forests,Neotropic,NO01,2,Nature Could Reach Half Protected
417,Kalaallit Nunaat Arctic steppe,11,Tundra,Nearctic,NE11,2,Nature Could Reach Half Protected
358,North Cascades conifer forests,5,Temperate Conifer Forests,Nearctic,NE05,2,Nature Could Reach Half Protected
361,Northern Rockies conifer forests,5,Temperate Conifer Forests,Nearctic,NE05,2,Nature Could Reach Half Protected
509,Trindade-Martin Vaz Islands tropical forests,1,Tropical & Subtropical Moist Broadleaf Forests,Neotropic,NO01,4,Nature Imperiled
59,Southwest Arabian montane woodlands and grasslands,7,"Tropical & Subtropical Grasslands, Savannas & Shrublands",Afrotropic,AF07,3,Nature Could Recover
56,"South Arabian fog woodlands, shrublands, and dune",7,"Tropical & Subtropical Grasslands, Savannas & Shrublands",Afrotropic,AF07,4,Nature Imperiled
548,Trinidad and Tobago dry forest,2,Tropical & Subtropical Dry Broadleaf Forests,Neotropic,NO02,3,Nature Could Recover
537,Lesser Antillean dry forests,2,Tropical & Subtropical Dry Broadleaf Forests,Neotropic,NO02,2,Nature Could Reach Half Protected
672,North Atlantic moist mixed forests,4,Temperate Broadleaf & Mixed Forests,Palearctic,PA04,3,Nature Could Recover
119,Dronning Maud Land tundra,11,Tundra,Antarctica,AN11,1,Half Protected
124,Marie Byrd Land tundra,11,Tundra,Antarctica,AN11,1,Half Protected
156,Sulawesi lowland rain forests,1,Tropical & Subtropical Moist Broadleaf Forests,Australasia,AU01,2,Nature Could Reach Half Protected
8,East African montane forests,1,Tropical & Subtropical Moist Broadleaf Forests,Afrotropic,AF01,3,Nature Could Recover
9,Eastern Arc forests,1,Tropical & Subtropical Moist Broadleaf Forests,Afrotropic,AF01,3,Nature Could Recover
220,Borneo montane rain forests,1,Tropical & Subtropical Moist Broadleaf Forests,Indomalayan,IN01,2,Nature Could Reach Half Protected
313,Kinabalu montane alpine meadows,10,Montane Grasslands & Shrublands,Indomalayan,IN10,3,Nature Could Recover
